PRN20LinAlg0;LinAlg0;25;100;2;20;PRN
PRN20LinAlg0;LinAlg0;25;100;2;20;PRN
ETE20LinAlg0;LinAlg0;25;100;2;20;ETE
AUT20LinAlg0;LinAlg0;25;100;2;20;AUT
AUT20LinAlg0;LinAlg0;25;100;2;20;AUT
PRN20LinAlg1;LinAlg1;25;50;1;20;PRN
ETE20LinAlg1;LinAlg1;25;50;1;20;ETE
AUT20LinAlg1;LinAlg1;25;50;1;20;AUT
PRN20LinAlg2;LinAlg2;25;50;1;20;PRN
AUT20LinAlg2;LinAlg2;25;50;1;20;AUT
PRN20Ana0;Ana0;25;100;6;20;PRN
ETE20Ana0;Ana0;25;100;6;20;ETE
AUT20Ana0;Ana0;25;100;6;20;AUT
PRN20Ana1;Ana1;25;50;5;20;PRN
PRN20Ana1;Ana1;25;50;5;20;PRN
AUT20Ana1;Ana1;25;50;4;20;AUT
ETE20Ana1;Ana1;25;50;4;20;ETE
PRN20Ana2;Ana2;25;50;6;20;PRN
ETE20Ana2;Ana2;25;50;5;20;ETE
AUT20Ana2;Ana2;25;50;4;20;AUT
AUT20Ana3;Ana3;25;50;4;20;AUT
PRN20Ana4;Ana4;25;50;4;20;PRN
AUT20Control1;Control1;25;50;8;20;AUT
PRN20Control1;Control1;25;50;8;20;PRN
ETE20Control2;Control2;25;50;7;20;ETE
PRN20Control3;Control3;25;50;7;20;PRN
PRN20Topo0;Topo0;25;50;10;20;PRN
ETE20Topo0;Topo0;25;50;10;20;ETE
AUT20Topo0;Topo0;25;50;10;20;AUT
PRN20Topo1;Topo1;25;50;9;20;PRN
AUT20Topo2;Topo2;25;50;9;20;AUT
PRN20Proba0;Proba0;25;100;12;20;PRN
ETE20Proba0;Proba0;25;100;12;20;ETE
AUT20Proba0;Proba0;25;50;12;20;AUT
PRN20Proba1;Proba1;25;50;12;20;PRN
AUT20Proba1;Proba1;25;50;12;20;AUT
PRN20Proba2;Proba2;25;50;12;20;PRN
PRN20Mesure0;Mesure0;25;50;14;20;PRN
ETE20Mesure0;Mesure0;25;50;14;20;ETE
AUT20Mesure0;Mesure0;25;50;14;20;AUT
AUT20Mesure1;Mesure1;25;50;13;20;AUT
PRN20Mesure1;Mesure1;25;50;13;20;PRN
ETE20Comb0;Comb0;25;100;18;20;ETE
AUT20Comb0;Comb0;25;100;18;20;AUT
PRN20Comb0;Comb0;25;100;17;20;PRN
AUT20Comb0;Comb0;25;100;17;20;AUT
PRN20Comb1;Comb1;25;50;16;20;PRN
ETE20Comb1;Comb1;25;50;16;20;ETE
AUT20Comb2;Comb2;25;50;15;20;AUT
PRN20Logic0;Logic0;25;50;19;20;PRN
PRN20Logic0;Logic0;25;50;19;20;PRN
AUT20Logic0;Logic0;25;50;19;20;AUT
ETE20Logic0;Logic0;25;50;19;20;ETE
PRN20Logic0;Logic0;25;50;22;20;PRN
ETE20Logic0;Logic0;25;50;22;20;ETE
AUT20Logic0;Logic0;25;50;22;20;AUT
AUT20Logic1;Logic1;25;50;20;20;AUT
PRN20Logic2;Logic2;25;50;21;20;PRN
AUT20Logic3;Logic3;25;50;21;20;AUT
PRN20Fourier1;Fourier1;25;50;26;20;PRN
ETE20Fourier1;Fourier1;25;50;26;20;ETE
PRN20Fourier1;Fourier1;25;50;25;20;PRN
PRN20Fourier1;Fourier1;25;50;25;20;PRN
ETE20Fourier2;Fourier2;25;50;24;20;ETE
AUT20Fourier2;Fourier2;25;50;24;20;AUT
PRN20Complex0;Complex0;25;100;26;20;PRN
AUT20Complex0;Complex0;25;100;26;20;AUT
PRN20Complex0;Complex0;25;100;25;20;PRN
ETE20Complex0;Complex0;25;100;25;20;ETE
AUT20Complex1;Complex1;25;50;24;20;AUT
PRN20Complex1;Complex1;25;50;24;20;PRN
PRN20Complex2;Complex2;25;50;23;20;PRN
PRN20Signal1;Signal1;25;50;24;20;PRN
ETE20Signal1;Signal1;25;50;24;20;ETE
AUT20Signal1;Signal1;25;50;24;20;AUT
AUT20Signal2;Signal2;25;50;25;20;AUT
PRN20Signal3;Signal3;25;50;27;20;PRN
ETE20Signal4;Signal4;25;50;26;20;ETE
AUT20Stats1;Stats1;25;50;11;20;AUT
PRN20Stats1;Stats1;25;50;11;20;PRN
AUT20Stats2;Stats2;25;50;11;20;AUT
PRN20Stats2;Stats2;25;50;11;20;PRN
ETE20Stats3;Stats3;25;50;11;20;ETE
AUT20Num0;Num0;25;50;30;20;AUT
PRN20Num0;Num0;25;50;30;20;PRN
PRN20Num1;Num1;25;50;31;20;PRN
AUT20Num1;Num1;25;50;31;20;AUT
ETE20Num1;Num1;25;50;31;20;ETE
PRN20Num2;Num2;25;50;32;20;PRN
ETE20Num3;Num3;25;50;32;20;ETE
AUT20Num4;Num4;25;50;33;20;AUT
AUT20Num5;Num5;25;50;33;20;AUT
PRN20Num6;Num6;25;50;34;20;PRN
AUT20Num7;Num7;25;50;35;20;AUT
PRN20ProgLin;ProgLin;25;50;36;20;PRN
ETE20ProgLin;ProgLin;25;50;36;20;ETE
PRN20Model0;Model0;25;50;37;20;PRN
PRN20Model0;Model0;25;50;37;20;PRN
ETE20Model1;Model1;25;50;38;20;ETE
AUT20Meca0;Meca0;25;50;40;20;AUT
PRN20Meca0;Meca0;25;50;40;20;PRN
AUT20Meca0;Meca0;25;50;40;20;AUT
PRN20Meca0;Meca0;25;50;40;20;PRN
PRN20Meca1;Meca1;25;50;41;20;PRN
PRN20Meca1;Meca1;25;50;41;20;PRN
ETE20Meca1;Meca1;25;50;41;20;ETE
AUT20Elec0;Elec0;25;50;42;20;AUT
AUT20Elec0;Elec0;25;50;42;20;AUT
PRN20Elec0;Elec0;25;50;42;20;PRN
ETE20Elec1;Elec1;25;50;43;20;ETE
AUT20Elec2;Elec2;25;50;44;20;AUT
PRN20Elec3;Elec3;25;50;45;20;PRN
AUT20Thermo0;Thermo0;25;50;49;20;AUT
PRN20Thermo0;Thermo0;25;50;48;20;PRN
ETE20Thermo0;Thermo0;25;50;48;20;ETE
AUT20Thermo1;Thermo1;25;50;47;20;AUT
PRN20Thermo1;Thermo1;25;50;47;20;PRN
PRN20Thermo2;Thermo2;25;50;46;20;PRN
AUT20Thermo2;Thermo2;25;50;45;20;AUT
ETE20Thermo3;Thermo3;25;50;44;20;ETE
PRN20Fluid0;Fluid0;25;50;50;20;PRN
ETE20Fluid0;Fluid0;25;50;50;20;ETE
AUT20Fluid0;Fluid0;25;50;50;20;AUT
AUT20Fluid1;Fluid1;25;50;51;20;AUT
PRN20Fluid1;Fluid1;25;50;52;20;PRN
AUT20Fluid2;Fluid2;25;50;53;20;AUT
PRN20Fluid3;Fluid3;25;50;54;20;PRN
ETE20Optique0;Optique0;25;50;56;20;ETE
PRN20Optique0;Optique0;25;50;56;20;PRN
PRN20Optique1;Optique1;25;50;55;20;PRN
ETE20Mat1;Mat1;25;50;58;20;ETE
AUT20Mat1;Mat1;25;50;58;20;AUT
PRN20Mat2;Mat2;25;50;57;20;PRN
AUT20Mat2;Mat2;25;50;57;20;AUT
PRN20Techno0;Techno0;25;50;59;20;PRN
ETE20Techno0;Techno0;25;50;59;20;ETE
AUT20Techno0;Techno0;25;50;60;20;AUT
PRN20Techno0;Techno0;25;50;60;20;PRN
PRN20Techno0;Techno0;25;50;61;20;PRN
PRN20Techno0;Techno0;25;50;61;20;PRN
ETE20Techno1;Techno1;25;50;62;20;ETE
AUT20Techno1;Techno1;25;50;62;20;AUT
AUT20Techno1;Techno1;25;50;62;20;AUT
PRN20Techno2;Techno2;25;50;63;20;PRN
ETE20Techno2;Techno2;25;50;63;20;ETE
AUT20Techno2;Techno2;25;50;64;20;AUT
PRN20Techno2;Techno2;25;50;64;20;PRN
AUT20Techno2;Techno2;25;50;64;20;AUT
PRN20Prog0;Prog0;25;50;65;20;PRN
ETE20Prog0;Prog0;25;50;65;20;ETE
AUT20Prog0;Prog0;25;50;66;20;AUT
PRN20Prog0;Prog0;25;50;66;20;PRN
PRN20Prog1;Prog1;25;50;67;20;PRN
AUT20Prog1;Prog1;25;50;67;20;AUT
ETE20Prog1;Prog1;25;50;67;20;ETE
PRN20Prog2;Prog2;25;50;68;20;PRN
ETE20Prog2;Prog2;25;50;68;20;ETE
AUT20Prog3;Prog3;25;50;69;20;AUT
AUT20Prog3;Prog3;25;50;69;20;AUT
PRN20Prog4;Prog4;25;50;70;20;PRN
AUT20Prog4;Prog4;25;50;70;20;AUT
PRN20Net0;Net0;25;50;76;20;PRN
ETE20Net0;Net0;25;50;76;20;ETE
PRN20Net1;Net1;25;50;75;20;PRN
PRN20Net1;Net1;25;50;75;20;PRN
ETE20DevWeb0;DevWeb0;25;50;78;20;ETE
AUT20DevWeb0;DevWeb0;25;50;78;20;AUT
PRN20DevWeb0;DevWeb0;25;50;78;20;PRN
AUT20DevWeb1;DevWeb1;25;50;77;20;AUT
PRN20DevWeb1;DevWeb1;25;50;77;20;PRN
ETE20Algo1;Algo1;25;50;79;20;ETE
AUT20Algo1;Algo1;25;50;79;20;AUT
PRN20Algo2;Algo2;25;50;80;20;PRN
PRN20Comp0;Comp0;25;50;81;20;PRN
PRN20Comp0;Comp0;25;50;81;20;PRN
ETE20Comp1;Comp1;25;50;82;20;ETE
AUT20Comp2;Comp2;25;50;83;20;AUT
AUT20Data0;Data0;25;50;87;20;AUT
PRN20Data0;Data0;25;50;87;20;PRN
ETE20Data0;Data0;25;50;88;20;ETE
AUT20Data0;Data0;25;50;88;20;AUT
PRN20Data1;Data1;25;50;89;20;PRN
AUT20Data1;Data1;25;50;89;20;AUT
PRN20Data2;Data2;25;50;90;20;PRN
ETE20Data3;Data3;25;50;86;20;ETE
ETE20EnA1;EnA1;15;50;92;20;ETE
PRN20EnA11;EnA11;15;50;93;20;PRN
AUT20EnA11;EnA11;15;50;94;20;AUT
PRN20EnA12;EnA12;15;50;93;20;PRN
AUT20EnA12;EnA12;15;50;94;20;AUT
ETE20EnA2;EnA2;15;50;92;20;ETE
PRN20EnA21;EnA21;15;50;95;20;PRN
AUT20EnA21;EnA21;15;50;96;20;AUT
PRN20EnA22;EnA22;15;50;95;20;PRN
AUT20EnA22;EnA22;15;50;96;20;AUT
ETE20EnB1;EnB1;15;50;97;20;ETE
PRN20EnB11;EnB11;15;50;98;20;PRN
AUT20EnB11;EnB11;15;50;99;20;AUT
PRN20EnB12;EnB12;15;50;98;20;PRN
AUT20EnB12;EnB12;15;50;98;20;AUT
ETE20EnB2;EnB2;15;50;97;20;ETE
PRN20EnB21;EnB21;15;50;100;20;PRN
AUT20EnB22;EnB22;15;50;100;20;AUT
ETE20EnC1;EnC1;15;50;101;20;ETE
ETE20EnC2;EnC2;15;50;101;20;ETE
ETE20EnA1;EnA1;15;50;102;20;ETE
PRN20EnA11;EnA11;15;50;103;20;PRN
AUT20EnA11;EnA11;15;50;104;20;AUT
PRN20EnA12;EnA12;15;50;103;20;PRN
AUT20EnA12;EnA12;15;50;104;20;AUT
ETE20EnA2;EnA2;15;50;105;20;ETE
PRN20EnA21;EnA21;15;50;106;20;PRN
AUT20EnA21;EnA21;15;50;107;20;AUT
PRN20EnA22;EnA22;15;50;106;20;PRN
AUT20EnA22;EnA22;15;50;107;20;AUT
ETE20EnB1;EnB1;15;50;108;20;ETE
PRN20EnB11;EnB11;15;50;109;20;PRN
AUT20EnB11;EnB11;15;50;109;20;AUT
PRN20EnB12;EnB12;15;50;110;20;PRN
AUT20EnB12;EnB12;15;50;111;20;AUT
ETE20EnB2;EnB2;15;50;112;20;ETE
PRN20EnB21;EnB21;15;50;113;20;PRN
AUT20EnB22;EnB22;15;50;113;20;AUT
ETE20EnC1;EnC1;15;50;114;20;ETE
ETE20EnC2;EnC2;15;50;114;20;ETE
PRN20Music0;Music0;25;50;118;20;PRN
ETE20Music0;Music0;25;50;118;20;ETE
AUT20Music0;Music0;25;50;117;20;AUT
PRN20Music1;Music1;25;50;116;20;PRN
AUT20Music2;Music2;25;50;115;20;AUT
PRN19LinAlg0;LinAlg0;25;100;2;19;PRN
PRN19LinAlg0;LinAlg0;25;100;2;19;PRN
ETE19LinAlg0;LinAlg0;25;100;2;19;ETE
AUT19LinAlg0;LinAlg0;25;100;2;19;AUT
AUT19LinAlg0;LinAlg0;25;100;2;19;AUT
PRN19LinAlg1;LinAlg1;25;50;1;19;PRN
ETE19LinAlg1;LinAlg1;25;50;1;19;ETE
AUT19LinAlg1;LinAlg1;25;50;1;19;AUT
PRN19LinAlg2;LinAlg2;25;50;1;19;PRN
AUT19LinAlg2;LinAlg2;25;50;1;19;AUT
PRN19Ana0;Ana0;25;100;6;19;PRN
ETE19Ana0;Ana0;25;100;6;19;ETE
AUT19Ana0;Ana0;25;100;6;19;AUT
PRN19Ana1;Ana1;25;50;5;19;PRN
PRN19Ana1;Ana1;25;50;5;19;PRN
AUT19Ana1;Ana1;25;50;4;19;AUT
ETE19Ana1;Ana1;25;50;4;19;ETE
PRN19Ana2;Ana2;25;50;6;19;PRN
ETE19Ana2;Ana2;25;50;5;19;ETE
AUT19Ana2;Ana2;25;50;4;19;AUT
AUT19Ana3;Ana3;25;50;4;19;AUT
PRN19Ana4;Ana4;25;50;4;19;PRN
AUT19Control1;Control1;25;50;8;19;AUT
PRN19Control1;Control1;25;50;8;19;PRN
ETE19Control2;Control2;25;50;7;19;ETE
PRN19Control3;Control3;25;50;7;19;PRN
PRN19Topo0;Topo0;25;50;10;19;PRN
ETE19Topo0;Topo0;25;50;10;19;ETE
AUT19Topo0;Topo0;25;50;10;19;AUT
PRN19Topo1;Topo1;25;50;9;19;PRN
AUT19Topo2;Topo2;25;50;9;19;AUT
PRN19Proba0;Proba0;25;100;12;19;PRN
ETE19Proba0;Proba0;25;100;12;19;ETE
AUT19Proba0;Proba0;25;50;12;19;AUT
PRN19Proba1;Proba1;25;50;12;19;PRN
AUT19Proba1;Proba1;25;50;12;19;AUT
PRN19Proba2;Proba2;25;50;12;19;PRN
PRN19Mesure0;Mesure0;25;50;14;19;PRN
ETE19Mesure0;Mesure0;25;50;14;19;ETE
AUT19Mesure0;Mesure0;25;50;14;19;AUT
AUT19Mesure1;Mesure1;25;50;13;19;AUT
PRN19Mesure1;Mesure1;25;50;13;19;PRN
ETE19Comb0;Comb0;25;100;18;19;ETE
AUT19Comb0;Comb0;25;100;18;19;AUT
PRN19Comb0;Comb0;25;100;17;19;PRN
AUT19Comb0;Comb0;25;100;17;19;AUT
PRN19Comb1;Comb1;25;50;16;19;PRN
ETE19Comb1;Comb1;25;50;16;19;ETE
AUT19Comb2;Comb2;25;50;15;19;AUT
PRN19Logic0;Logic0;25;50;19;19;PRN
PRN19Logic0;Logic0;25;50;19;19;PRN
AUT19Logic0;Logic0;25;50;19;19;AUT
ETE19Logic0;Logic0;25;50;19;19;ETE
PRN19Logic0;Logic0;25;50;22;19;PRN
ETE19Logic0;Logic0;25;50;22;19;ETE
AUT19Logic0;Logic0;25;50;22;19;AUT
AUT19Logic1;Logic1;25;50;20;19;AUT
PRN19Logic2;Logic2;25;50;21;19;PRN
AUT19Logic3;Logic3;25;50;21;19;AUT
PRN19Fourier1;Fourier1;25;50;26;19;PRN
ETE19Fourier1;Fourier1;25;50;26;19;ETE
PRN19Fourier1;Fourier1;25;50;25;19;PRN
PRN19Fourier1;Fourier1;25;50;25;19;PRN
ETE19Fourier2;Fourier2;25;50;24;19;ETE
AUT19Fourier2;Fourier2;25;50;24;19;AUT
PRN19Complex0;Complex0;25;100;26;19;PRN
AUT19Complex0;Complex0;25;100;26;19;AUT
PRN19Complex0;Complex0;25;100;25;19;PRN
ETE19Complex0;Complex0;25;100;25;19;ETE
AUT19Complex1;Complex1;25;50;24;19;AUT
PRN19Complex1;Complex1;25;50;24;19;PRN
PRN19Complex2;Complex2;25;50;23;19;PRN
PRN19Signal1;Signal1;25;50;24;19;PRN
ETE19Signal1;Signal1;25;50;24;19;ETE
AUT19Signal1;Signal1;25;50;24;19;AUT
AUT19Signal2;Signal2;25;50;25;19;AUT
PRN19Signal3;Signal3;25;50;27;19;PRN
ETE19Signal4;Signal4;25;50;26;19;ETE
AUT19Stats1;Stats1;25;50;11;19;AUT
PRN19Stats1;Stats1;25;50;11;19;PRN
AUT19Stats2;Stats2;25;50;11;19;AUT
PRN19Stats2;Stats2;25;50;11;19;PRN
ETE19Stats3;Stats3;25;50;11;19;ETE
AUT19Num0;Num0;25;50;30;19;AUT
PRN19Num0;Num0;25;50;30;19;PRN
PRN19Num1;Num1;25;50;31;19;PRN
AUT19Num1;Num1;25;50;31;19;AUT
ETE19Num1;Num1;25;50;31;19;ETE
PRN19Num2;Num2;25;50;32;19;PRN
ETE19Num3;Num3;25;50;32;19;ETE
AUT19Num4;Num4;25;50;33;19;AUT
AUT19Num5;Num5;25;50;33;19;AUT
PRN19Num6;Num6;25;50;34;19;PRN
AUT19Num7;Num7;25;50;35;19;AUT
PRN19ProgLin;ProgLin;25;50;36;19;PRN
ETE19ProgLin;ProgLin;25;50;36;19;ETE
PRN19Model0;Model0;25;50;37;19;PRN
PRN19Model0;Model0;25;50;37;19;PRN
ETE19Model1;Model1;25;50;38;19;ETE
AUT19Meca0;Meca0;25;50;40;19;AUT
PRN19Meca0;Meca0;25;50;40;19;PRN
AUT19Meca0;Meca0;25;50;40;19;AUT
PRN19Meca0;Meca0;25;50;40;19;PRN
PRN19Meca1;Meca1;25;50;41;19;PRN
PRN19Meca1;Meca1;25;50;41;19;PRN
ETE19Meca1;Meca1;25;50;41;19;ETE
AUT19Elec0;Elec0;25;50;42;19;AUT
AUT19Elec0;Elec0;25;50;42;19;AUT
PRN19Elec0;Elec0;25;50;42;19;PRN
ETE19Elec1;Elec1;25;50;43;19;ETE
AUT19Elec2;Elec2;25;50;44;19;AUT
PRN19Elec3;Elec3;25;50;45;19;PRN
AUT19Thermo0;Thermo0;25;50;49;19;AUT
PRN19Thermo0;Thermo0;25;50;48;19;PRN
ETE19Thermo0;Thermo0;25;50;48;19;ETE
AUT19Thermo1;Thermo1;25;50;47;19;AUT
PRN19Thermo1;Thermo1;25;50;47;19;PRN
PRN19Thermo2;Thermo2;25;50;46;19;PRN
AUT19Thermo2;Thermo2;25;50;45;19;AUT
ETE19Thermo3;Thermo3;25;50;44;19;ETE
PRN19Fluid0;Fluid0;25;50;50;19;PRN
ETE19Fluid0;Fluid0;25;50;50;19;ETE
AUT19Fluid0;Fluid0;25;50;50;19;AUT
AUT19Fluid1;Fluid1;25;50;51;19;AUT
PRN19Fluid1;Fluid1;25;50;52;19;PRN
AUT19Fluid2;Fluid2;25;50;53;19;AUT
PRN19Fluid3;Fluid3;25;50;54;19;PRN
ETE19Optique0;Optique0;25;50;56;19;ETE
PRN19Optique0;Optique0;25;50;56;19;PRN
PRN19Optique1;Optique1;25;50;55;19;PRN
ETE19Mat1;Mat1;25;50;58;19;ETE
AUT19Mat1;Mat1;25;50;58;19;AUT
PRN19Mat2;Mat2;25;50;57;19;PRN
AUT19Mat2;Mat2;25;50;57;19;AUT
PRN19Techno0;Techno0;25;50;59;19;PRN
ETE19Techno0;Techno0;25;50;59;19;ETE
AUT19Techno0;Techno0;25;50;60;19;AUT
PRN19Techno0;Techno0;25;50;60;19;PRN
PRN19Techno0;Techno0;25;50;61;19;PRN
PRN19Techno0;Techno0;25;50;61;19;PRN
ETE19Techno1;Techno1;25;50;62;19;ETE
AUT19Techno1;Techno1;25;50;62;19;AUT
AUT19Techno1;Techno1;25;50;62;19;AUT
PRN19Techno2;Techno2;25;50;63;19;PRN
ETE19Techno2;Techno2;25;50;63;19;ETE
AUT19Techno2;Techno2;25;50;64;19;AUT
PRN19Techno2;Techno2;25;50;64;19;PRN
AUT19Techno2;Techno2;25;50;64;19;AUT
PRN19Prog0;Prog0;25;50;65;19;PRN
ETE19Prog0;Prog0;25;50;65;19;ETE
AUT19Prog0;Prog0;25;50;66;19;AUT
PRN19Prog0;Prog0;25;50;66;19;PRN
PRN19Prog1;Prog1;25;50;67;19;PRN
AUT19Prog1;Prog1;25;50;67;19;AUT
ETE19Prog1;Prog1;25;50;67;19;ETE
PRN19Prog2;Prog2;25;50;68;19;PRN
ETE19Prog2;Prog2;25;50;68;19;ETE
AUT19Prog3;Prog3;25;50;69;19;AUT
AUT19Prog3;Prog3;25;50;69;19;AUT
PRN19Prog4;Prog4;25;50;70;19;PRN
AUT19Prog4;Prog4;25;50;70;19;AUT
PRN19Net0;Net0;25;50;76;19;PRN
ETE19Net0;Net0;25;50;76;19;ETE
PRN19Net1;Net1;25;50;75;19;PRN
PRN19Net1;Net1;25;50;75;19;PRN
ETE19DevWeb0;DevWeb0;25;50;78;19;ETE
AUT19DevWeb0;DevWeb0;25;50;78;19;AUT
PRN19DevWeb0;DevWeb0;25;50;78;19;PRN
AUT19DevWeb1;DevWeb1;25;50;77;19;AUT
PRN19DevWeb1;DevWeb1;25;50;77;19;PRN
ETE19Algo1;Algo1;25;50;79;19;ETE
AUT19Algo1;Algo1;25;50;79;19;AUT
PRN19Algo2;Algo2;25;50;80;19;PRN
PRN19Comp0;Comp0;25;50;81;19;PRN
PRN19Comp0;Comp0;25;50;81;19;PRN
ETE19Comp1;Comp1;25;50;82;19;ETE
AUT19Comp2;Comp2;25;50;83;19;AUT
AUT19Data0;Data0;25;50;87;19;AUT
PRN19Data0;Data0;25;50;87;19;PRN
ETE19Data0;Data0;25;50;88;19;ETE
AUT19Data0;Data0;25;50;88;19;AUT
PRN19Data1;Data1;25;50;89;19;PRN
AUT19Data1;Data1;25;50;89;19;AUT
PRN19Data2;Data2;25;50;90;19;PRN
ETE19Data3;Data3;25;50;86;19;ETE
ETE19EnA1;EnA1;15;50;92;19;ETE
PRN19EnA11;EnA11;15;50;93;19;PRN
AUT19EnA11;EnA11;15;50;94;19;AUT
PRN19EnA12;EnA12;15;50;93;19;PRN
AUT19EnA12;EnA12;15;50;94;19;AUT
ETE19EnA2;EnA2;15;50;92;19;ETE
PRN19EnA21;EnA21;15;50;95;19;PRN
AUT19EnA21;EnA21;15;50;96;19;AUT
PRN19EnA22;EnA22;15;50;95;19;PRN
AUT19EnA22;EnA22;15;50;96;19;AUT
ETE19EnB1;EnB1;15;50;97;19;ETE
PRN19EnB11;EnB11;15;50;98;19;PRN
AUT19EnB11;EnB11;15;50;99;19;AUT
PRN19EnB12;EnB12;15;50;98;19;PRN
AUT19EnB12;EnB12;15;50;98;19;AUT
ETE19EnB2;EnB2;15;50;97;19;ETE
PRN19EnB21;EnB21;15;50;100;19;PRN
AUT19EnB22;EnB22;15;50;100;19;AUT
ETE19EnC1;EnC1;15;50;101;19;ETE
ETE19EnC2;EnC2;15;50;101;19;ETE
ETE19EnA1;EnA1;15;50;102;19;ETE
PRN19EnA11;EnA11;15;50;103;19;PRN
AUT19EnA11;EnA11;15;50;104;19;AUT
PRN19EnA12;EnA12;15;50;103;19;PRN
AUT19EnA12;EnA12;15;50;104;19;AUT
ETE19EnA2;EnA2;15;50;105;19;ETE
PRN19EnA21;EnA21;15;50;106;19;PRN
AUT19EnA21;EnA21;15;50;107;19;AUT
PRN19EnA22;EnA22;15;50;106;19;PRN
AUT19EnA22;EnA22;15;50;107;19;AUT
ETE19EnB1;EnB1;15;50;108;19;ETE
PRN19EnB11;EnB11;15;50;109;19;PRN
AUT19EnB11;EnB11;15;50;109;19;AUT
PRN19EnB12;EnB12;15;50;110;19;PRN
AUT19EnB12;EnB12;15;50;111;19;AUT
ETE19EnB2;EnB2;15;50;112;19;ETE
PRN19EnB21;EnB21;15;50;113;19;PRN
AUT19EnB22;EnB22;15;50;113;19;AUT
ETE19EnC1;EnC1;15;50;114;19;ETE
ETE19EnC2;EnC2;15;50;114;19;ETE
PRN19Music0;Music0;25;50;118;19;PRN
ETE19Music0;Music0;25;50;118;19;ETE
AUT19Music0;Music0;25;50;117;19;AUT
PRN19Music1;Music1;25;50;116;19;PRN
AUT19Music2;Music2;25;50;115;19;AUT
PRN18LinAlg0;LinAlg0;25;100;2;18;PRN
PRN18LinAlg0;LinAlg0;25;100;2;18;PRN
ETE18LinAlg0;LinAlg0;25;100;2;18;ETE
AUT18LinAlg0;LinAlg0;25;100;2;18;AUT
AUT18LinAlg0;LinAlg0;25;100;2;18;AUT
PRN18LinAlg1;LinAlg1;25;50;1;18;PRN
ETE18LinAlg1;LinAlg1;25;50;1;18;ETE
AUT18LinAlg1;LinAlg1;25;50;1;18;AUT
PRN18LinAlg2;LinAlg2;25;50;1;18;PRN
AUT18LinAlg2;LinAlg2;25;50;1;18;AUT
PRN18Ana0;Ana0;25;100;6;18;PRN
ETE18Ana0;Ana0;25;100;6;18;ETE
AUT18Ana0;Ana0;25;100;6;18;AUT
PRN18Ana1;Ana1;25;50;5;18;PRN
PRN18Ana1;Ana1;25;50;5;18;PRN
AUT18Ana1;Ana1;25;50;4;18;AUT
ETE18Ana1;Ana1;25;50;4;18;ETE
PRN18Ana2;Ana2;25;50;6;18;PRN
ETE18Ana2;Ana2;25;50;5;18;ETE
AUT18Ana2;Ana2;25;50;4;18;AUT
AUT18Ana3;Ana3;25;50;4;18;AUT
PRN18Ana4;Ana4;25;50;4;18;PRN
AUT18Control1;Control1;25;50;8;18;AUT
PRN18Control1;Control1;25;50;8;18;PRN
ETE18Control2;Control2;25;50;7;18;ETE
PRN18Control3;Control3;25;50;7;18;PRN
PRN18Topo0;Topo0;25;50;10;18;PRN
ETE18Topo0;Topo0;25;50;10;18;ETE
AUT18Topo0;Topo0;25;50;10;18;AUT
PRN18Topo1;Topo1;25;50;9;18;PRN
AUT18Topo2;Topo2;25;50;9;18;AUT
PRN18Proba0;Proba0;25;100;12;18;PRN
ETE18Proba0;Proba0;25;100;12;18;ETE
AUT18Proba0;Proba0;25;50;12;18;AUT
PRN18Proba1;Proba1;25;50;12;18;PRN
AUT18Proba1;Proba1;25;50;12;18;AUT
PRN18Proba2;Proba2;25;50;12;18;PRN
PRN18Mesure0;Mesure0;25;50;14;18;PRN
ETE18Mesure0;Mesure0;25;50;14;18;ETE
AUT18Mesure0;Mesure0;25;50;14;18;AUT
AUT18Mesure1;Mesure1;25;50;13;18;AUT
PRN18Mesure1;Mesure1;25;50;13;18;PRN
ETE18Comb0;Comb0;25;100;18;18;ETE
AUT18Comb0;Comb0;25;100;18;18;AUT
PRN18Comb0;Comb0;25;100;17;18;PRN
AUT18Comb0;Comb0;25;100;17;18;AUT
PRN18Comb1;Comb1;25;50;16;18;PRN
ETE18Comb1;Comb1;25;50;16;18;ETE
AUT18Comb2;Comb2;25;50;15;18;AUT
PRN18Logic0;Logic0;25;50;19;18;PRN
PRN18Logic0;Logic0;25;50;19;18;PRN
AUT18Logic0;Logic0;25;50;19;18;AUT
ETE18Logic0;Logic0;25;50;19;18;ETE
PRN18Logic0;Logic0;25;50;22;18;PRN
ETE18Logic0;Logic0;25;50;22;18;ETE
AUT18Logic0;Logic0;25;50;22;18;AUT
AUT18Logic1;Logic1;25;50;20;18;AUT
PRN18Logic2;Logic2;25;50;21;18;PRN
AUT18Logic3;Logic3;25;50;21;18;AUT
PRN18Fourier1;Fourier1;25;50;26;18;PRN
ETE18Fourier1;Fourier1;25;50;26;18;ETE
PRN18Fourier1;Fourier1;25;50;25;18;PRN
PRN18Fourier1;Fourier1;25;50;25;18;PRN
ETE18Fourier2;Fourier2;25;50;24;18;ETE
AUT18Fourier2;Fourier2;25;50;24;18;AUT
PRN18Complex0;Complex0;25;100;26;18;PRN
AUT18Complex0;Complex0;25;100;26;18;AUT
PRN18Complex0;Complex0;25;100;25;18;PRN
ETE18Complex0;Complex0;25;100;25;18;ETE
AUT18Complex1;Complex1;25;50;24;18;AUT
PRN18Complex1;Complex1;25;50;24;18;PRN
PRN18Complex2;Complex2;25;50;23;18;PRN
PRN18Signal1;Signal1;25;50;24;18;PRN
ETE18Signal1;Signal1;25;50;24;18;ETE
AUT18Signal1;Signal1;25;50;24;18;AUT
AUT18Signal2;Signal2;25;50;25;18;AUT
PRN18Signal3;Signal3;25;50;27;18;PRN
ETE18Signal4;Signal4;25;50;26;18;ETE
AUT18Stats1;Stats1;25;50;11;18;AUT
PRN18Stats1;Stats1;25;50;11;18;PRN
AUT18Stats2;Stats2;25;50;11;18;AUT
PRN18Stats2;Stats2;25;50;11;18;PRN
ETE18Stats3;Stats3;25;50;11;18;ETE
AUT18Num0;Num0;25;50;30;18;AUT
PRN18Num0;Num0;25;50;30;18;PRN
PRN18Num1;Num1;25;50;31;18;PRN
AUT18Num1;Num1;25;50;31;18;AUT
ETE18Num1;Num1;25;50;31;18;ETE
PRN18Num2;Num2;25;50;32;18;PRN
ETE18Num3;Num3;25;50;32;18;ETE
AUT18Num4;Num4;25;50;33;18;AUT
AUT18Num5;Num5;25;50;33;18;AUT
PRN18Num6;Num6;25;50;34;18;PRN
AUT18Num7;Num7;25;50;35;18;AUT
PRN18ProgLin;ProgLin;25;50;36;18;PRN
ETE18ProgLin;ProgLin;25;50;36;18;ETE
PRN18Model0;Model0;25;50;37;18;PRN
PRN18Model0;Model0;25;50;37;18;PRN
ETE18Model1;Model1;25;50;38;18;ETE
AUT18Meca0;Meca0;25;50;40;18;AUT
PRN18Meca0;Meca0;25;50;40;18;PRN
AUT18Meca0;Meca0;25;50;40;18;AUT
PRN18Meca0;Meca0;25;50;40;18;PRN
PRN18Meca1;Meca1;25;50;41;18;PRN
PRN18Meca1;Meca1;25;50;41;18;PRN
ETE18Meca1;Meca1;25;50;41;18;ETE
AUT18Elec0;Elec0;25;50;42;18;AUT
AUT18Elec0;Elec0;25;50;42;18;AUT
PRN18Elec0;Elec0;25;50;42;18;PRN
ETE18Elec1;Elec1;25;50;43;18;ETE
AUT18Elec2;Elec2;25;50;44;18;AUT
PRN18Elec3;Elec3;25;50;45;18;PRN
AUT18Thermo0;Thermo0;25;50;49;18;AUT
PRN18Thermo0;Thermo0;25;50;48;18;PRN
ETE18Thermo0;Thermo0;25;50;48;18;ETE
AUT18Thermo1;Thermo1;25;50;47;18;AUT
PRN18Thermo1;Thermo1;25;50;47;18;PRN
PRN18Thermo2;Thermo2;25;50;46;18;PRN
AUT18Thermo2;Thermo2;25;50;45;18;AUT
ETE18Thermo3;Thermo3;25;50;44;18;ETE
PRN18Fluid0;Fluid0;25;50;50;18;PRN
ETE18Fluid0;Fluid0;25;50;50;18;ETE
AUT18Fluid0;Fluid0;25;50;50;18;AUT
AUT18Fluid1;Fluid1;25;50;51;18;AUT
PRN18Fluid1;Fluid1;25;50;52;18;PRN
AUT18Fluid2;Fluid2;25;50;53;18;AUT
PRN18Fluid3;Fluid3;25;50;54;18;PRN
ETE18Optique0;Optique0;25;50;56;18;ETE
PRN18Optique0;Optique0;25;50;56;18;PRN
PRN18Optique1;Optique1;25;50;55;18;PRN
ETE18Mat1;Mat1;25;50;58;18;ETE
AUT18Mat1;Mat1;25;50;58;18;AUT
PRN18Mat2;Mat2;25;50;57;18;PRN
AUT18Mat2;Mat2;25;50;57;18;AUT
PRN18Techno0;Techno0;25;50;59;18;PRN
ETE18Techno0;Techno0;25;50;59;18;ETE
AUT18Techno0;Techno0;25;50;60;18;AUT
PRN18Techno0;Techno0;25;50;60;18;PRN
PRN18Techno0;Techno0;25;50;61;18;PRN
PRN18Techno0;Techno0;25;50;61;18;PRN
ETE18Techno1;Techno1;25;50;62;18;ETE
AUT18Techno1;Techno1;25;50;62;18;AUT
AUT18Techno1;Techno1;25;50;62;18;AUT
PRN18Techno2;Techno2;25;50;63;18;PRN
ETE18Techno2;Techno2;25;50;63;18;ETE
AUT18Techno2;Techno2;25;50;64;18;AUT
PRN18Techno2;Techno2;25;50;64;18;PRN
AUT18Techno2;Techno2;25;50;64;18;AUT
PRN18Prog0;Prog0;25;50;65;18;PRN
ETE18Prog0;Prog0;25;50;65;18;ETE
AUT18Prog0;Prog0;25;50;66;18;AUT
PRN18Prog0;Prog0;25;50;66;18;PRN
PRN18Prog1;Prog1;25;50;67;18;PRN
AUT18Prog1;Prog1;25;50;67;18;AUT
ETE18Prog1;Prog1;25;50;67;18;ETE
PRN18Prog2;Prog2;25;50;68;18;PRN
ETE18Prog2;Prog2;25;50;68;18;ETE
AUT18Prog3;Prog3;25;50;69;18;AUT
AUT18Prog3;Prog3;25;50;69;18;AUT
PRN18Prog4;Prog4;25;50;70;18;PRN
AUT18Prog4;Prog4;25;50;70;18;AUT
PRN18Net0;Net0;25;50;76;18;PRN
ETE18Net0;Net0;25;50;76;18;ETE
PRN18Net1;Net1;25;50;75;18;PRN
PRN18Net1;Net1;25;50;75;18;PRN
ETE18DevWeb0;DevWeb0;25;50;78;18;ETE
AUT18DevWeb0;DevWeb0;25;50;78;18;AUT
PRN18DevWeb0;DevWeb0;25;50;78;18;PRN
AUT18DevWeb1;DevWeb1;25;50;77;18;AUT
PRN18DevWeb1;DevWeb1;25;50;77;18;PRN
ETE18Algo1;Algo1;25;50;79;18;ETE
AUT18Algo1;Algo1;25;50;79;18;AUT
PRN18Algo2;Algo2;25;50;80;18;PRN
PRN18Comp0;Comp0;25;50;81;18;PRN
PRN18Comp0;Comp0;25;50;81;18;PRN
ETE18Comp1;Comp1;25;50;82;18;ETE
AUT18Comp2;Comp2;25;50;83;18;AUT
AUT18Data0;Data0;25;50;87;18;AUT
PRN18Data0;Data0;25;50;87;18;PRN
ETE18Data0;Data0;25;50;88;18;ETE
AUT18Data0;Data0;25;50;88;18;AUT
PRN18Data1;Data1;25;50;89;18;PRN
AUT18Data1;Data1;25;50;89;18;AUT
PRN18Data2;Data2;25;50;90;18;PRN
ETE18Data3;Data3;25;50;86;18;ETE
ETE18EnA1;EnA1;15;50;92;18;ETE
PRN18EnA11;EnA11;15;50;93;18;PRN
AUT18EnA11;EnA11;15;50;94;18;AUT
PRN18EnA12;EnA12;15;50;93;18;PRN
AUT18EnA12;EnA12;15;50;94;18;AUT
ETE18EnA2;EnA2;15;50;92;18;ETE
PRN18EnA21;EnA21;15;50;95;18;PRN
AUT18EnA21;EnA21;15;50;96;18;AUT
PRN18EnA22;EnA22;15;50;95;18;PRN
AUT18EnA22;EnA22;15;50;96;18;AUT
ETE18EnB1;EnB1;15;50;97;18;ETE
PRN18EnB11;EnB11;15;50;98;18;PRN
AUT18EnB11;EnB11;15;50;99;18;AUT
PRN18EnB12;EnB12;15;50;98;18;PRN
AUT18EnB12;EnB12;15;50;98;18;AUT
ETE18EnB2;EnB2;15;50;97;18;ETE
PRN18EnB21;EnB21;15;50;100;18;PRN
AUT18EnB22;EnB22;15;50;100;18;AUT
ETE18EnC1;EnC1;15;50;101;18;ETE
ETE18EnC2;EnC2;15;50;101;18;ETE
ETE18EnA1;EnA1;15;50;102;18;ETE
PRN18EnA11;EnA11;15;50;103;18;PRN
AUT18EnA11;EnA11;15;50;104;18;AUT
PRN18EnA12;EnA12;15;50;103;18;PRN
AUT18EnA12;EnA12;15;50;104;18;AUT
ETE18EnA2;EnA2;15;50;105;18;ETE
PRN18EnA21;EnA21;15;50;106;18;PRN
AUT18EnA21;EnA21;15;50;107;18;AUT
PRN18EnA22;EnA22;15;50;106;18;PRN
AUT18EnA22;EnA22;15;50;107;18;AUT
ETE18EnB1;EnB1;15;50;108;18;ETE
PRN18EnB11;EnB11;15;50;109;18;PRN
AUT18EnB11;EnB11;15;50;109;18;AUT
PRN18EnB12;EnB12;15;50;110;18;PRN
AUT18EnB12;EnB12;15;50;111;18;AUT
ETE18EnB2;EnB2;15;50;112;18;ETE
PRN18EnB21;EnB21;15;50;113;18;PRN
AUT18EnB22;EnB22;15;50;113;18;AUT
ETE18EnC1;EnC1;15;50;114;18;ETE
ETE18EnC2;EnC2;15;50;114;18;ETE
PRN18Music0;Music0;25;50;118;18;PRN
ETE18Music0;Music0;25;50;118;18;ETE
AUT18Music0;Music0;25;50;117;18;AUT
PRN18Music1;Music1;25;50;116;18;PRN
AUT18Music2;Music2;25;50;115;18;AUT
PRN17LinAlg0;LinAlg0;25;100;2;17;PRN
PRN17LinAlg0;LinAlg0;25;100;2;17;PRN
ETE17LinAlg0;LinAlg0;25;100;2;17;ETE
AUT17LinAlg0;LinAlg0;25;100;2;17;AUT
AUT17LinAlg0;LinAlg0;25;100;2;17;AUT
PRN17LinAlg1;LinAlg1;25;50;1;17;PRN
ETE17LinAlg1;LinAlg1;25;50;1;17;ETE
AUT17LinAlg1;LinAlg1;25;50;1;17;AUT
PRN17LinAlg2;LinAlg2;25;50;1;17;PRN
AUT17LinAlg2;LinAlg2;25;50;1;17;AUT
PRN17Ana0;Ana0;25;100;6;17;PRN
ETE17Ana0;Ana0;25;100;6;17;ETE
AUT17Ana0;Ana0;25;100;6;17;AUT
PRN17Ana1;Ana1;25;50;5;17;PRN
PRN17Ana1;Ana1;25;50;5;17;PRN
AUT17Ana1;Ana1;25;50;4;17;AUT
ETE17Ana1;Ana1;25;50;4;17;ETE
PRN17Ana2;Ana2;25;50;6;17;PRN
ETE17Ana2;Ana2;25;50;5;17;ETE
AUT17Ana2;Ana2;25;50;4;17;AUT
AUT17Ana3;Ana3;25;50;4;17;AUT
PRN17Ana4;Ana4;25;50;4;17;PRN
AUT17Control1;Control1;25;50;8;17;AUT
PRN17Control1;Control1;25;50;8;17;PRN
ETE17Control2;Control2;25;50;7;17;ETE
PRN17Control3;Control3;25;50;7;17;PRN
PRN17Topo0;Topo0;25;50;10;17;PRN
ETE17Topo0;Topo0;25;50;10;17;ETE
AUT17Topo0;Topo0;25;50;10;17;AUT
PRN17Topo1;Topo1;25;50;9;17;PRN
AUT17Topo2;Topo2;25;50;9;17;AUT
PRN17Proba0;Proba0;25;100;12;17;PRN
ETE17Proba0;Proba0;25;100;12;17;ETE
AUT17Proba0;Proba0;25;50;12;17;AUT
PRN17Proba1;Proba1;25;50;12;17;PRN
AUT17Proba1;Proba1;25;50;12;17;AUT
PRN17Proba2;Proba2;25;50;12;17;PRN
PRN17Mesure0;Mesure0;25;50;14;17;PRN
ETE17Mesure0;Mesure0;25;50;14;17;ETE
AUT17Mesure0;Mesure0;25;50;14;17;AUT
AUT17Mesure1;Mesure1;25;50;13;17;AUT
PRN17Mesure1;Mesure1;25;50;13;17;PRN
ETE17Comb0;Comb0;25;100;18;17;ETE
AUT17Comb0;Comb0;25;100;18;17;AUT
PRN17Comb0;Comb0;25;100;17;17;PRN
AUT17Comb0;Comb0;25;100;17;17;AUT
PRN17Comb1;Comb1;25;50;16;17;PRN
ETE17Comb1;Comb1;25;50;16;17;ETE
AUT17Comb2;Comb2;25;50;15;17;AUT
PRN17Logic0;Logic0;25;50;19;17;PRN
PRN17Logic0;Logic0;25;50;19;17;PRN
AUT17Logic0;Logic0;25;50;19;17;AUT
ETE17Logic0;Logic0;25;50;19;17;ETE
PRN17Logic0;Logic0;25;50;22;17;PRN
ETE17Logic0;Logic0;25;50;22;17;ETE
AUT17Logic0;Logic0;25;50;22;17;AUT
AUT17Logic1;Logic1;25;50;20;17;AUT
PRN17Logic2;Logic2;25;50;21;17;PRN
AUT17Logic3;Logic3;25;50;21;17;AUT
PRN17Fourier1;Fourier1;25;50;26;17;PRN
ETE17Fourier1;Fourier1;25;50;26;17;ETE
PRN17Fourier1;Fourier1;25;50;25;17;PRN
PRN17Fourier1;Fourier1;25;50;25;17;PRN
ETE17Fourier2;Fourier2;25;50;24;17;ETE
AUT17Fourier2;Fourier2;25;50;24;17;AUT
PRN17Complex0;Complex0;25;100;26;17;PRN
AUT17Complex0;Complex0;25;100;26;17;AUT
PRN17Complex0;Complex0;25;100;25;17;PRN
ETE17Complex0;Complex0;25;100;25;17;ETE
AUT17Complex1;Complex1;25;50;24;17;AUT
PRN17Complex1;Complex1;25;50;24;17;PRN
PRN17Complex2;Complex2;25;50;23;17;PRN
PRN17Signal1;Signal1;25;50;24;17;PRN
ETE17Signal1;Signal1;25;50;24;17;ETE
AUT17Signal1;Signal1;25;50;24;17;AUT
AUT17Signal2;Signal2;25;50;25;17;AUT
PRN17Signal3;Signal3;25;50;27;17;PRN
ETE17Signal4;Signal4;25;50;26;17;ETE
AUT17Stats1;Stats1;25;50;11;17;AUT
PRN17Stats1;Stats1;25;50;11;17;PRN
AUT17Stats2;Stats2;25;50;11;17;AUT
PRN17Stats2;Stats2;25;50;11;17;PRN
ETE17Stats3;Stats3;25;50;11;17;ETE
AUT17Num0;Num0;25;50;30;17;AUT
PRN17Num0;Num0;25;50;30;17;PRN
PRN17Num1;Num1;25;50;31;17;PRN
AUT17Num1;Num1;25;50;31;17;AUT
ETE17Num1;Num1;25;50;31;17;ETE
PRN17Num2;Num2;25;50;32;17;PRN
ETE17Num3;Num3;25;50;32;17;ETE
AUT17Num4;Num4;25;50;33;17;AUT
AUT17Num5;Num5;25;50;33;17;AUT
PRN17Num6;Num6;25;50;34;17;PRN
AUT17Num7;Num7;25;50;35;17;AUT
PRN17ProgLin;ProgLin;25;50;36;17;PRN
ETE17ProgLin;ProgLin;25;50;36;17;ETE
PRN17Model0;Model0;25;50;37;17;PRN
PRN17Model0;Model0;25;50;37;17;PRN
ETE17Model1;Model1;25;50;38;17;ETE
AUT17Meca0;Meca0;25;50;40;17;AUT
PRN17Meca0;Meca0;25;50;40;17;PRN
AUT17Meca0;Meca0;25;50;40;17;AUT
PRN17Meca0;Meca0;25;50;40;17;PRN
PRN17Meca1;Meca1;25;50;41;17;PRN
PRN17Meca1;Meca1;25;50;41;17;PRN
ETE17Meca1;Meca1;25;50;41;17;ETE
AUT17Elec0;Elec0;25;50;42;17;AUT
AUT17Elec0;Elec0;25;50;42;17;AUT
PRN17Elec0;Elec0;25;50;42;17;PRN
ETE17Elec1;Elec1;25;50;43;17;ETE
AUT17Elec2;Elec2;25;50;44;17;AUT
PRN17Elec3;Elec3;25;50;45;17;PRN
AUT17Thermo0;Thermo0;25;50;49;17;AUT
PRN17Thermo0;Thermo0;25;50;48;17;PRN
ETE17Thermo0;Thermo0;25;50;48;17;ETE
AUT17Thermo1;Thermo1;25;50;47;17;AUT
PRN17Thermo1;Thermo1;25;50;47;17;PRN
PRN17Thermo2;Thermo2;25;50;46;17;PRN
AUT17Thermo2;Thermo2;25;50;45;17;AUT
ETE17Thermo3;Thermo3;25;50;44;17;ETE
PRN17Fluid0;Fluid0;25;50;50;17;PRN
ETE17Fluid0;Fluid0;25;50;50;17;ETE
AUT17Fluid0;Fluid0;25;50;50;17;AUT
AUT17Fluid1;Fluid1;25;50;51;17;AUT
PRN17Fluid1;Fluid1;25;50;52;17;PRN
AUT17Fluid2;Fluid2;25;50;53;17;AUT
PRN17Fluid3;Fluid3;25;50;54;17;PRN
ETE17Optique0;Optique0;25;50;56;17;ETE
PRN17Optique0;Optique0;25;50;56;17;PRN
PRN17Optique1;Optique1;25;50;55;17;PRN
ETE17Mat1;Mat1;25;50;58;17;ETE
AUT17Mat1;Mat1;25;50;58;17;AUT
PRN17Mat2;Mat2;25;50;57;17;PRN
AUT17Mat2;Mat2;25;50;57;17;AUT
PRN17Techno0;Techno0;25;50;59;17;PRN
ETE17Techno0;Techno0;25;50;59;17;ETE
AUT17Techno0;Techno0;25;50;60;17;AUT
PRN17Techno0;Techno0;25;50;60;17;PRN
PRN17Techno0;Techno0;25;50;61;17;PRN
PRN17Techno0;Techno0;25;50;61;17;PRN
ETE17Techno1;Techno1;25;50;62;17;ETE
AUT17Techno1;Techno1;25;50;62;17;AUT
AUT17Techno1;Techno1;25;50;62;17;AUT
PRN17Techno2;Techno2;25;50;63;17;PRN
ETE17Techno2;Techno2;25;50;63;17;ETE
AUT17Techno2;Techno2;25;50;64;17;AUT
PRN17Techno2;Techno2;25;50;64;17;PRN
AUT17Techno2;Techno2;25;50;64;17;AUT
PRN17Prog0;Prog0;25;50;65;17;PRN
ETE17Prog0;Prog0;25;50;65;17;ETE
AUT17Prog0;Prog0;25;50;66;17;AUT
PRN17Prog0;Prog0;25;50;66;17;PRN
PRN17Prog1;Prog1;25;50;67;17;PRN
AUT17Prog1;Prog1;25;50;67;17;AUT
ETE17Prog1;Prog1;25;50;67;17;ETE
PRN17Prog2;Prog2;25;50;68;17;PRN
ETE17Prog2;Prog2;25;50;68;17;ETE
AUT17Prog3;Prog3;25;50;69;17;AUT
AUT17Prog3;Prog3;25;50;69;17;AUT
PRN17Prog4;Prog4;25;50;70;17;PRN
AUT17Prog4;Prog4;25;50;70;17;AUT
PRN17Net0;Net0;25;50;76;17;PRN
ETE17Net0;Net0;25;50;76;17;ETE
PRN17Net1;Net1;25;50;75;17;PRN
PRN17Net1;Net1;25;50;75;17;PRN
ETE17DevWeb0;DevWeb0;25;50;78;17;ETE
AUT17DevWeb0;DevWeb0;25;50;78;17;AUT
PRN17DevWeb0;DevWeb0;25;50;78;17;PRN
AUT17DevWeb1;DevWeb1;25;50;77;17;AUT
PRN17DevWeb1;DevWeb1;25;50;77;17;PRN
ETE17Algo1;Algo1;25;50;79;17;ETE
AUT17Algo1;Algo1;25;50;79;17;AUT
PRN17Algo2;Algo2;25;50;80;17;PRN
PRN17Comp0;Comp0;25;50;81;17;PRN
PRN17Comp0;Comp0;25;50;81;17;PRN
ETE17Comp1;Comp1;25;50;82;17;ETE
AUT17Comp2;Comp2;25;50;83;17;AUT
AUT17Data0;Data0;25;50;87;17;AUT
PRN17Data0;Data0;25;50;87;17;PRN
ETE17Data0;Data0;25;50;88;17;ETE
AUT17Data0;Data0;25;50;88;17;AUT
PRN17Data1;Data1;25;50;89;17;PRN
AUT17Data1;Data1;25;50;89;17;AUT
PRN17Data2;Data2;25;50;90;17;PRN
ETE17Data3;Data3;25;50;86;17;ETE
ETE17EnA1;EnA1;15;50;92;17;ETE
PRN17EnA11;EnA11;15;50;93;17;PRN
AUT17EnA11;EnA11;15;50;94;17;AUT
PRN17EnA12;EnA12;15;50;93;17;PRN
AUT17EnA12;EnA12;15;50;94;17;AUT
ETE17EnA2;EnA2;15;50;92;17;ETE
PRN17EnA21;EnA21;15;50;95;17;PRN
AUT17EnA21;EnA21;15;50;96;17;AUT
PRN17EnA22;EnA22;15;50;95;17;PRN
AUT17EnA22;EnA22;15;50;96;17;AUT
ETE17EnB1;EnB1;15;50;97;17;ETE
PRN17EnB11;EnB11;15;50;98;17;PRN
AUT17EnB11;EnB11;15;50;99;17;AUT
PRN17EnB12;EnB12;15;50;98;17;PRN
AUT17EnB12;EnB12;15;50;98;17;AUT
ETE17EnB2;EnB2;15;50;97;17;ETE
PRN17EnB21;EnB21;15;50;100;17;PRN
AUT17EnB22;EnB22;15;50;100;17;AUT
ETE17EnC1;EnC1;15;50;101;17;ETE
ETE17EnC2;EnC2;15;50;101;17;ETE
ETE17EnA1;EnA1;15;50;102;17;ETE
PRN17EnA11;EnA11;15;50;103;17;PRN
AUT17EnA11;EnA11;15;50;104;17;AUT
PRN17EnA12;EnA12;15;50;103;17;PRN
AUT17EnA12;EnA12;15;50;104;17;AUT
ETE17EnA2;EnA2;15;50;105;17;ETE
PRN17EnA21;EnA21;15;50;106;17;PRN
AUT17EnA21;EnA21;15;50;107;17;AUT
PRN17EnA22;EnA22;15;50;106;17;PRN
AUT17EnA22;EnA22;15;50;107;17;AUT
ETE17EnB1;EnB1;15;50;108;17;ETE
PRN17EnB11;EnB11;15;50;109;17;PRN
AUT17EnB11;EnB11;15;50;109;17;AUT
PRN17EnB12;EnB12;15;50;110;17;PRN
AUT17EnB12;EnB12;15;50;111;17;AUT
ETE17EnB2;EnB2;15;50;112;17;ETE
PRN17EnB21;EnB21;15;50;113;17;PRN
AUT17EnB22;EnB22;15;50;113;17;AUT
ETE17EnC1;EnC1;15;50;114;17;ETE
ETE17EnC2;EnC2;15;50;114;17;ETE
PRN17Music0;Music0;25;50;118;17;PRN
ETE17Music0;Music0;25;50;118;17;ETE
AUT17Music0;Music0;25;50;117;17;AUT
PRN17Music1;Music1;25;50;116;17;PRN
AUT17Music2;Music2;25;50;115;17;AUT
PRN16LinAlg0;LinAlg0;25;100;2;16;PRN
PRN16LinAlg0;LinAlg0;25;100;2;16;PRN
ETE16LinAlg0;LinAlg0;25;100;2;16;ETE
AUT16LinAlg0;LinAlg0;25;100;2;16;AUT
AUT16LinAlg0;LinAlg0;25;100;2;16;AUT
PRN16LinAlg1;LinAlg1;25;50;1;16;PRN
ETE16LinAlg1;LinAlg1;25;50;1;16;ETE
AUT16LinAlg1;LinAlg1;25;50;1;16;AUT
PRN16LinAlg2;LinAlg2;25;50;1;16;PRN
AUT16LinAlg2;LinAlg2;25;50;1;16;AUT
PRN16Ana0;Ana0;25;100;6;16;PRN
ETE16Ana0;Ana0;25;100;6;16;ETE
AUT16Ana0;Ana0;25;100;6;16;AUT
PRN16Ana1;Ana1;25;50;5;16;PRN
PRN16Ana1;Ana1;25;50;5;16;PRN
AUT16Ana1;Ana1;25;50;4;16;AUT
ETE16Ana1;Ana1;25;50;4;16;ETE
PRN16Ana2;Ana2;25;50;6;16;PRN
ETE16Ana2;Ana2;25;50;5;16;ETE
AUT16Ana2;Ana2;25;50;4;16;AUT
AUT16Ana3;Ana3;25;50;4;16;AUT
PRN16Ana4;Ana4;25;50;4;16;PRN
AUT16Control1;Control1;25;50;8;16;AUT
PRN16Control1;Control1;25;50;8;16;PRN
ETE16Control2;Control2;25;50;7;16;ETE
PRN16Control3;Control3;25;50;7;16;PRN
PRN16Topo0;Topo0;25;50;10;16;PRN
ETE16Topo0;Topo0;25;50;10;16;ETE
AUT16Topo0;Topo0;25;50;10;16;AUT
PRN16Topo1;Topo1;25;50;9;16;PRN
AUT16Topo2;Topo2;25;50;9;16;AUT
PRN16Proba0;Proba0;25;100;12;16;PRN
ETE16Proba0;Proba0;25;100;12;16;ETE
AUT16Proba0;Proba0;25;50;12;16;AUT
PRN16Proba1;Proba1;25;50;12;16;PRN
AUT16Proba1;Proba1;25;50;12;16;AUT
PRN16Proba2;Proba2;25;50;12;16;PRN
PRN16Mesure0;Mesure0;25;50;14;16;PRN
ETE16Mesure0;Mesure0;25;50;14;16;ETE
AUT16Mesure0;Mesure0;25;50;14;16;AUT
AUT16Mesure1;Mesure1;25;50;13;16;AUT
PRN16Mesure1;Mesure1;25;50;13;16;PRN
ETE16Comb0;Comb0;25;100;18;16;ETE
AUT16Comb0;Comb0;25;100;18;16;AUT
PRN16Comb0;Comb0;25;100;17;16;PRN
AUT16Comb0;Comb0;25;100;17;16;AUT
PRN16Comb1;Comb1;25;50;16;16;PRN
ETE16Comb1;Comb1;25;50;16;16;ETE
AUT16Comb2;Comb2;25;50;15;16;AUT
PRN16Logic0;Logic0;25;50;19;16;PRN
PRN16Logic0;Logic0;25;50;19;16;PRN
AUT16Logic0;Logic0;25;50;19;16;AUT
ETE16Logic0;Logic0;25;50;19;16;ETE
PRN16Logic0;Logic0;25;50;22;16;PRN
ETE16Logic0;Logic0;25;50;22;16;ETE
AUT16Logic0;Logic0;25;50;22;16;AUT
AUT16Logic1;Logic1;25;50;20;16;AUT
PRN16Logic2;Logic2;25;50;21;16;PRN
AUT16Logic3;Logic3;25;50;21;16;AUT
PRN16Fourier1;Fourier1;25;50;26;16;PRN
ETE16Fourier1;Fourier1;25;50;26;16;ETE
PRN16Fourier1;Fourier1;25;50;25;16;PRN
PRN16Fourier1;Fourier1;25;50;25;16;PRN
ETE16Fourier2;Fourier2;25;50;24;16;ETE
AUT16Fourier2;Fourier2;25;50;24;16;AUT
PRN16Complex0;Complex0;25;100;26;16;PRN
AUT16Complex0;Complex0;25;100;26;16;AUT
PRN16Complex0;Complex0;25;100;25;16;PRN
ETE16Complex0;Complex0;25;100;25;16;ETE
AUT16Complex1;Complex1;25;50;24;16;AUT
PRN16Complex1;Complex1;25;50;24;16;PRN
PRN16Complex2;Complex2;25;50;23;16;PRN
PRN16Signal1;Signal1;25;50;24;16;PRN
ETE16Signal1;Signal1;25;50;24;16;ETE
AUT16Signal1;Signal1;25;50;24;16;AUT
AUT16Signal2;Signal2;25;50;25;16;AUT
PRN16Signal3;Signal3;25;50;27;16;PRN
ETE16Signal4;Signal4;25;50;26;16;ETE
AUT16Stats1;Stats1;25;50;11;16;AUT
PRN16Stats1;Stats1;25;50;11;16;PRN
AUT16Stats2;Stats2;25;50;11;16;AUT
PRN16Stats2;Stats2;25;50;11;16;PRN
ETE16Stats3;Stats3;25;50;11;16;ETE
AUT16Num0;Num0;25;50;30;16;AUT
PRN16Num0;Num0;25;50;30;16;PRN
PRN16Num1;Num1;25;50;31;16;PRN
AUT16Num1;Num1;25;50;31;16;AUT
ETE16Num1;Num1;25;50;31;16;ETE
PRN16Num2;Num2;25;50;32;16;PRN
ETE16Num3;Num3;25;50;32;16;ETE
AUT16Num4;Num4;25;50;33;16;AUT
AUT16Num5;Num5;25;50;33;16;AUT
PRN16Num6;Num6;25;50;34;16;PRN
AUT16Num7;Num7;25;50;35;16;AUT
PRN16ProgLin;ProgLin;25;50;36;16;PRN
ETE16ProgLin;ProgLin;25;50;36;16;ETE
PRN16Model0;Model0;25;50;37;16;PRN
PRN16Model0;Model0;25;50;37;16;PRN
ETE16Model1;Model1;25;50;38;16;ETE
AUT16Meca0;Meca0;25;50;40;16;AUT
PRN16Meca0;Meca0;25;50;40;16;PRN
AUT16Meca0;Meca0;25;50;40;16;AUT
PRN16Meca0;Meca0;25;50;40;16;PRN
PRN16Meca1;Meca1;25;50;41;16;PRN
PRN16Meca1;Meca1;25;50;41;16;PRN
ETE16Meca1;Meca1;25;50;41;16;ETE
AUT16Elec0;Elec0;25;50;42;16;AUT
AUT16Elec0;Elec0;25;50;42;16;AUT
PRN16Elec0;Elec0;25;50;42;16;PRN
ETE16Elec1;Elec1;25;50;43;16;ETE
AUT16Elec2;Elec2;25;50;44;16;AUT
PRN16Elec3;Elec3;25;50;45;16;PRN
AUT16Thermo0;Thermo0;25;50;49;16;AUT
PRN16Thermo0;Thermo0;25;50;48;16;PRN
ETE16Thermo0;Thermo0;25;50;48;16;ETE
AUT16Thermo1;Thermo1;25;50;47;16;AUT
PRN16Thermo1;Thermo1;25;50;47;16;PRN
PRN16Thermo2;Thermo2;25;50;46;16;PRN
AUT16Thermo2;Thermo2;25;50;45;16;AUT
ETE16Thermo3;Thermo3;25;50;44;16;ETE
PRN16Fluid0;Fluid0;25;50;50;16;PRN
ETE16Fluid0;Fluid0;25;50;50;16;ETE
AUT16Fluid0;Fluid0;25;50;50;16;AUT
AUT16Fluid1;Fluid1;25;50;51;16;AUT
PRN16Fluid1;Fluid1;25;50;52;16;PRN
AUT16Fluid2;Fluid2;25;50;53;16;AUT
PRN16Fluid3;Fluid3;25;50;54;16;PRN
ETE16Optique0;Optique0;25;50;56;16;ETE
PRN16Optique0;Optique0;25;50;56;16;PRN
PRN16Optique1;Optique1;25;50;55;16;PRN
ETE16Mat1;Mat1;25;50;58;16;ETE
AUT16Mat1;Mat1;25;50;58;16;AUT
PRN16Mat2;Mat2;25;50;57;16;PRN
AUT16Mat2;Mat2;25;50;57;16;AUT
PRN16Techno0;Techno0;25;50;59;16;PRN
ETE16Techno0;Techno0;25;50;59;16;ETE
AUT16Techno0;Techno0;25;50;60;16;AUT
PRN16Techno0;Techno0;25;50;60;16;PRN
PRN16Techno0;Techno0;25;50;61;16;PRN
PRN16Techno0;Techno0;25;50;61;16;PRN
ETE16Techno1;Techno1;25;50;62;16;ETE
AUT16Techno1;Techno1;25;50;62;16;AUT
AUT16Techno1;Techno1;25;50;62;16;AUT
PRN16Techno2;Techno2;25;50;63;16;PRN
ETE16Techno2;Techno2;25;50;63;16;ETE
AUT16Techno2;Techno2;25;50;64;16;AUT
PRN16Techno2;Techno2;25;50;64;16;PRN
AUT16Techno2;Techno2;25;50;64;16;AUT
PRN16Prog0;Prog0;25;50;65;16;PRN
ETE16Prog0;Prog0;25;50;65;16;ETE
AUT16Prog0;Prog0;25;50;66;16;AUT
PRN16Prog0;Prog0;25;50;66;16;PRN
PRN16Prog1;Prog1;25;50;67;16;PRN
AUT16Prog1;Prog1;25;50;67;16;AUT
ETE16Prog1;Prog1;25;50;67;16;ETE
PRN16Prog2;Prog2;25;50;68;16;PRN
ETE16Prog2;Prog2;25;50;68;16;ETE
AUT16Prog3;Prog3;25;50;69;16;AUT
AUT16Prog3;Prog3;25;50;69;16;AUT
PRN16Prog4;Prog4;25;50;70;16;PRN
AUT16Prog4;Prog4;25;50;70;16;AUT
PRN16Net0;Net0;25;50;76;16;PRN
ETE16Net0;Net0;25;50;76;16;ETE
PRN16Net1;Net1;25;50;75;16;PRN
PRN16Net1;Net1;25;50;75;16;PRN
ETE16DevWeb0;DevWeb0;25;50;78;16;ETE
AUT16DevWeb0;DevWeb0;25;50;78;16;AUT
PRN16DevWeb0;DevWeb0;25;50;78;16;PRN
AUT16DevWeb1;DevWeb1;25;50;77;16;AUT
PRN16DevWeb1;DevWeb1;25;50;77;16;PRN
ETE16Algo1;Algo1;25;50;79;16;ETE
AUT16Algo1;Algo1;25;50;79;16;AUT
PRN16Algo2;Algo2;25;50;80;16;PRN
PRN16Comp0;Comp0;25;50;81;16;PRN
PRN16Comp0;Comp0;25;50;81;16;PRN
ETE16Comp1;Comp1;25;50;82;16;ETE
AUT16Comp2;Comp2;25;50;83;16;AUT
AUT16Data0;Data0;25;50;87;16;AUT
PRN16Data0;Data0;25;50;87;16;PRN
ETE16Data0;Data0;25;50;88;16;ETE
AUT16Data0;Data0;25;50;88;16;AUT
PRN16Data1;Data1;25;50;89;16;PRN
AUT16Data1;Data1;25;50;89;16;AUT
PRN16Data2;Data2;25;50;90;16;PRN
ETE16Data3;Data3;25;50;86;16;ETE
ETE16EnA1;EnA1;15;50;92;16;ETE
PRN16EnA11;EnA11;15;50;93;16;PRN
AUT16EnA11;EnA11;15;50;94;16;AUT
PRN16EnA12;EnA12;15;50;93;16;PRN
AUT16EnA12;EnA12;15;50;94;16;AUT
ETE16EnA2;EnA2;15;50;92;16;ETE
PRN16EnA21;EnA21;15;50;95;16;PRN
AUT16EnA21;EnA21;15;50;96;16;AUT
PRN16EnA22;EnA22;15;50;95;16;PRN
AUT16EnA22;EnA22;15;50;96;16;AUT
ETE16EnB1;EnB1;15;50;97;16;ETE
PRN16EnB11;EnB11;15;50;98;16;PRN
AUT16EnB11;EnB11;15;50;99;16;AUT
PRN16EnB12;EnB12;15;50;98;16;PRN
AUT16EnB12;EnB12;15;50;98;16;AUT
ETE16EnB2;EnB2;15;50;97;16;ETE
PRN16EnB21;EnB21;15;50;100;16;PRN
AUT16EnB22;EnB22;15;50;100;16;AUT
ETE16EnC1;EnC1;15;50;101;16;ETE
ETE16EnC2;EnC2;15;50;101;16;ETE
ETE16EnA1;EnA1;15;50;102;16;ETE
PRN16EnA11;EnA11;15;50;103;16;PRN
AUT16EnA11;EnA11;15;50;104;16;AUT
PRN16EnA12;EnA12;15;50;103;16;PRN
AUT16EnA12;EnA12;15;50;104;16;AUT
ETE16EnA2;EnA2;15;50;105;16;ETE
PRN16EnA21;EnA21;15;50;106;16;PRN
AUT16EnA21;EnA21;15;50;107;16;AUT
PRN16EnA22;EnA22;15;50;106;16;PRN
AUT16EnA22;EnA22;15;50;107;16;AUT
ETE16EnB1;EnB1;15;50;108;16;ETE
PRN16EnB11;EnB11;15;50;109;16;PRN
AUT16EnB11;EnB11;15;50;109;16;AUT
PRN16EnB12;EnB12;15;50;110;16;PRN
AUT16EnB12;EnB12;15;50;111;16;AUT
ETE16EnB2;EnB2;15;50;112;16;ETE
PRN16EnB21;EnB21;15;50;113;16;PRN
AUT16EnB22;EnB22;15;50;113;16;AUT
ETE16EnC1;EnC1;15;50;114;16;ETE
ETE16EnC2;EnC2;15;50;114;16;ETE
PRN16Music0;Music0;25;50;118;16;PRN
ETE16Music0;Music0;25;50;118;16;ETE
AUT16Music0;Music0;25;50;117;16;AUT
PRN16Music1;Music1;25;50;116;16;PRN
AUT16Music2;Music2;25;50;115;16;AUT
PRN15LinAlg0;LinAlg0;25;100;2;15;PRN
PRN15LinAlg0;LinAlg0;25;100;2;15;PRN
ETE15LinAlg0;LinAlg0;25;100;2;15;ETE
AUT15LinAlg0;LinAlg0;25;100;2;15;AUT
AUT15LinAlg0;LinAlg0;25;100;2;15;AUT
PRN15LinAlg1;LinAlg1;25;50;1;15;PRN
ETE15LinAlg1;LinAlg1;25;50;1;15;ETE
AUT15LinAlg1;LinAlg1;25;50;1;15;AUT
PRN15LinAlg2;LinAlg2;25;50;1;15;PRN
AUT15LinAlg2;LinAlg2;25;50;1;15;AUT
PRN15Ana0;Ana0;25;100;6;15;PRN
ETE15Ana0;Ana0;25;100;6;15;ETE
AUT15Ana0;Ana0;25;100;6;15;AUT
PRN15Ana1;Ana1;25;50;5;15;PRN
PRN15Ana1;Ana1;25;50;5;15;PRN
AUT15Ana1;Ana1;25;50;4;15;AUT
ETE15Ana1;Ana1;25;50;4;15;ETE
PRN15Ana2;Ana2;25;50;6;15;PRN
ETE15Ana2;Ana2;25;50;5;15;ETE
AUT15Ana2;Ana2;25;50;4;15;AUT
AUT15Ana3;Ana3;25;50;4;15;AUT
PRN15Ana4;Ana4;25;50;4;15;PRN
AUT15Control1;Control1;25;50;8;15;AUT
PRN15Control1;Control1;25;50;8;15;PRN
ETE15Control2;Control2;25;50;7;15;ETE
PRN15Control3;Control3;25;50;7;15;PRN
PRN15Topo0;Topo0;25;50;10;15;PRN
ETE15Topo0;Topo0;25;50;10;15;ETE
AUT15Topo0;Topo0;25;50;10;15;AUT
PRN15Topo1;Topo1;25;50;9;15;PRN
AUT15Topo2;Topo2;25;50;9;15;AUT
PRN15Proba0;Proba0;25;100;12;15;PRN
ETE15Proba0;Proba0;25;100;12;15;ETE
AUT15Proba0;Proba0;25;50;12;15;AUT
PRN15Proba1;Proba1;25;50;12;15;PRN
AUT15Proba1;Proba1;25;50;12;15;AUT
PRN15Proba2;Proba2;25;50;12;15;PRN
PRN15Mesure0;Mesure0;25;50;14;15;PRN
ETE15Mesure0;Mesure0;25;50;14;15;ETE
AUT15Mesure0;Mesure0;25;50;14;15;AUT
AUT15Mesure1;Mesure1;25;50;13;15;AUT
PRN15Mesure1;Mesure1;25;50;13;15;PRN
ETE15Comb0;Comb0;25;100;18;15;ETE
AUT15Comb0;Comb0;25;100;18;15;AUT
PRN15Comb0;Comb0;25;100;17;15;PRN
AUT15Comb0;Comb0;25;100;17;15;AUT
PRN15Comb1;Comb1;25;50;16;15;PRN
ETE15Comb1;Comb1;25;50;16;15;ETE
AUT15Comb2;Comb2;25;50;15;15;AUT
PRN15Logic0;Logic0;25;50;19;15;PRN
PRN15Logic0;Logic0;25;50;19;15;PRN
AUT15Logic0;Logic0;25;50;19;15;AUT
ETE15Logic0;Logic0;25;50;19;15;ETE
PRN15Logic0;Logic0;25;50;22;15;PRN
ETE15Logic0;Logic0;25;50;22;15;ETE
AUT15Logic0;Logic0;25;50;22;15;AUT
AUT15Logic1;Logic1;25;50;20;15;AUT
PRN15Logic2;Logic2;25;50;21;15;PRN
AUT15Logic3;Logic3;25;50;21;15;AUT
PRN15Fourier1;Fourier1;25;50;26;15;PRN
ETE15Fourier1;Fourier1;25;50;26;15;ETE
PRN15Fourier1;Fourier1;25;50;25;15;PRN
PRN15Fourier1;Fourier1;25;50;25;15;PRN
ETE15Fourier2;Fourier2;25;50;24;15;ETE
AUT15Fourier2;Fourier2;25;50;24;15;AUT
PRN15Complex0;Complex0;25;100;26;15;PRN
AUT15Complex0;Complex0;25;100;26;15;AUT
PRN15Complex0;Complex0;25;100;25;15;PRN
ETE15Complex0;Complex0;25;100;25;15;ETE
AUT15Complex1;Complex1;25;50;24;15;AUT
PRN15Complex1;Complex1;25;50;24;15;PRN
PRN15Complex2;Complex2;25;50;23;15;PRN
PRN15Signal1;Signal1;25;50;24;15;PRN
ETE15Signal1;Signal1;25;50;24;15;ETE
AUT15Signal1;Signal1;25;50;24;15;AUT
AUT15Signal2;Signal2;25;50;25;15;AUT
PRN15Signal3;Signal3;25;50;27;15;PRN
ETE15Signal4;Signal4;25;50;26;15;ETE
AUT15Stats1;Stats1;25;50;11;15;AUT
PRN15Stats1;Stats1;25;50;11;15;PRN
AUT15Stats2;Stats2;25;50;11;15;AUT
PRN15Stats2;Stats2;25;50;11;15;PRN
ETE15Stats3;Stats3;25;50;11;15;ETE
AUT15Num0;Num0;25;50;30;15;AUT
PRN15Num0;Num0;25;50;30;15;PRN
PRN15Num1;Num1;25;50;31;15;PRN
AUT15Num1;Num1;25;50;31;15;AUT
ETE15Num1;Num1;25;50;31;15;ETE
PRN15Num2;Num2;25;50;32;15;PRN
ETE15Num3;Num3;25;50;32;15;ETE
AUT15Num4;Num4;25;50;33;15;AUT
AUT15Num5;Num5;25;50;33;15;AUT
PRN15Num6;Num6;25;50;34;15;PRN
AUT15Num7;Num7;25;50;35;15;AUT
PRN15ProgLin;ProgLin;25;50;36;15;PRN
ETE15ProgLin;ProgLin;25;50;36;15;ETE
PRN15Model0;Model0;25;50;37;15;PRN
PRN15Model0;Model0;25;50;37;15;PRN
ETE15Model1;Model1;25;50;38;15;ETE
AUT15Meca0;Meca0;25;50;40;15;AUT
PRN15Meca0;Meca0;25;50;40;15;PRN
AUT15Meca0;Meca0;25;50;40;15;AUT
PRN15Meca0;Meca0;25;50;40;15;PRN
PRN15Meca1;Meca1;25;50;41;15;PRN
PRN15Meca1;Meca1;25;50;41;15;PRN
ETE15Meca1;Meca1;25;50;41;15;ETE
AUT15Elec0;Elec0;25;50;42;15;AUT
AUT15Elec0;Elec0;25;50;42;15;AUT
PRN15Elec0;Elec0;25;50;42;15;PRN
ETE15Elec1;Elec1;25;50;43;15;ETE
AUT15Elec2;Elec2;25;50;44;15;AUT
PRN15Elec3;Elec3;25;50;45;15;PRN
AUT15Thermo0;Thermo0;25;50;49;15;AUT
PRN15Thermo0;Thermo0;25;50;48;15;PRN
ETE15Thermo0;Thermo0;25;50;48;15;ETE
AUT15Thermo1;Thermo1;25;50;47;15;AUT
PRN15Thermo1;Thermo1;25;50;47;15;PRN
PRN15Thermo2;Thermo2;25;50;46;15;PRN
AUT15Thermo2;Thermo2;25;50;45;15;AUT
ETE15Thermo3;Thermo3;25;50;44;15;ETE
PRN15Fluid0;Fluid0;25;50;50;15;PRN
ETE15Fluid0;Fluid0;25;50;50;15;ETE
AUT15Fluid0;Fluid0;25;50;50;15;AUT
AUT15Fluid1;Fluid1;25;50;51;15;AUT
PRN15Fluid1;Fluid1;25;50;52;15;PRN
AUT15Fluid2;Fluid2;25;50;53;15;AUT
PRN15Fluid3;Fluid3;25;50;54;15;PRN
ETE15Optique0;Optique0;25;50;56;15;ETE
PRN15Optique0;Optique0;25;50;56;15;PRN
PRN15Optique1;Optique1;25;50;55;15;PRN
ETE15Mat1;Mat1;25;50;58;15;ETE
AUT15Mat1;Mat1;25;50;58;15;AUT
PRN15Mat2;Mat2;25;50;57;15;PRN
AUT15Mat2;Mat2;25;50;57;15;AUT
PRN15Techno0;Techno0;25;50;59;15;PRN
ETE15Techno0;Techno0;25;50;59;15;ETE
AUT15Techno0;Techno0;25;50;60;15;AUT
PRN15Techno0;Techno0;25;50;60;15;PRN
PRN15Techno0;Techno0;25;50;61;15;PRN
PRN15Techno0;Techno0;25;50;61;15;PRN
ETE15Techno1;Techno1;25;50;62;15;ETE
AUT15Techno1;Techno1;25;50;62;15;AUT
AUT15Techno1;Techno1;25;50;62;15;AUT
PRN15Techno2;Techno2;25;50;63;15;PRN
ETE15Techno2;Techno2;25;50;63;15;ETE
AUT15Techno2;Techno2;25;50;64;15;AUT
PRN15Techno2;Techno2;25;50;64;15;PRN
AUT15Techno2;Techno2;25;50;64;15;AUT
PRN15Prog0;Prog0;25;50;65;15;PRN
ETE15Prog0;Prog0;25;50;65;15;ETE
AUT15Prog0;Prog0;25;50;66;15;AUT
PRN15Prog0;Prog0;25;50;66;15;PRN
PRN15Prog1;Prog1;25;50;67;15;PRN
AUT15Prog1;Prog1;25;50;67;15;AUT
ETE15Prog1;Prog1;25;50;67;15;ETE
PRN15Prog2;Prog2;25;50;68;15;PRN
ETE15Prog2;Prog2;25;50;68;15;ETE
AUT15Prog3;Prog3;25;50;69;15;AUT
AUT15Prog3;Prog3;25;50;69;15;AUT
PRN15Prog4;Prog4;25;50;70;15;PRN
AUT15Prog4;Prog4;25;50;70;15;AUT
PRN15Net0;Net0;25;50;76;15;PRN
ETE15Net0;Net0;25;50;76;15;ETE
PRN15Net1;Net1;25;50;75;15;PRN
PRN15Net1;Net1;25;50;75;15;PRN
ETE15DevWeb0;DevWeb0;25;50;78;15;ETE
AUT15DevWeb0;DevWeb0;25;50;78;15;AUT
PRN15DevWeb0;DevWeb0;25;50;78;15;PRN
AUT15DevWeb1;DevWeb1;25;50;77;15;AUT
PRN15DevWeb1;DevWeb1;25;50;77;15;PRN
ETE15Algo1;Algo1;25;50;79;15;ETE
AUT15Algo1;Algo1;25;50;79;15;AUT
PRN15Algo2;Algo2;25;50;80;15;PRN
PRN15Comp0;Comp0;25;50;81;15;PRN
PRN15Comp0;Comp0;25;50;81;15;PRN
ETE15Comp1;Comp1;25;50;82;15;ETE
AUT15Comp2;Comp2;25;50;83;15;AUT
AUT15Data0;Data0;25;50;87;15;AUT
PRN15Data0;Data0;25;50;87;15;PRN
ETE15Data0;Data0;25;50;88;15;ETE
AUT15Data0;Data0;25;50;88;15;AUT
PRN15Data1;Data1;25;50;89;15;PRN
AUT15Data1;Data1;25;50;89;15;AUT
PRN15Data2;Data2;25;50;90;15;PRN
ETE15Data3;Data3;25;50;86;15;ETE
ETE15EnA1;EnA1;15;50;92;15;ETE
PRN15EnA11;EnA11;15;50;93;15;PRN
AUT15EnA11;EnA11;15;50;94;15;AUT
PRN15EnA12;EnA12;15;50;93;15;PRN
AUT15EnA12;EnA12;15;50;94;15;AUT
ETE15EnA2;EnA2;15;50;92;15;ETE
PRN15EnA21;EnA21;15;50;95;15;PRN
AUT15EnA21;EnA21;15;50;96;15;AUT
PRN15EnA22;EnA22;15;50;95;15;PRN
AUT15EnA22;EnA22;15;50;96;15;AUT
ETE15EnB1;EnB1;15;50;97;15;ETE
PRN15EnB11;EnB11;15;50;98;15;PRN
AUT15EnB11;EnB11;15;50;99;15;AUT
PRN15EnB12;EnB12;15;50;98;15;PRN
AUT15EnB12;EnB12;15;50;98;15;AUT
ETE15EnB2;EnB2;15;50;97;15;ETE
PRN15EnB21;EnB21;15;50;100;15;PRN
AUT15EnB22;EnB22;15;50;100;15;AUT
ETE15EnC1;EnC1;15;50;101;15;ETE
ETE15EnC2;EnC2;15;50;101;15;ETE
ETE15EnA1;EnA1;15;50;102;15;ETE
PRN15EnA11;EnA11;15;50;103;15;PRN
AUT15EnA11;EnA11;15;50;104;15;AUT
PRN15EnA12;EnA12;15;50;103;15;PRN
AUT15EnA12;EnA12;15;50;104;15;AUT
ETE15EnA2;EnA2;15;50;105;15;ETE
PRN15EnA21;EnA21;15;50;106;15;PRN
AUT15EnA21;EnA21;15;50;107;15;AUT
PRN15EnA22;EnA22;15;50;106;15;PRN
AUT15EnA22;EnA22;15;50;107;15;AUT
ETE15EnB1;EnB1;15;50;108;15;ETE
PRN15EnB11;EnB11;15;50;109;15;PRN
AUT15EnB11;EnB11;15;50;109;15;AUT
PRN15EnB12;EnB12;15;50;110;15;PRN
AUT15EnB12;EnB12;15;50;111;15;AUT
ETE15EnB2;EnB2;15;50;112;15;ETE
PRN15EnB21;EnB21;15;50;113;15;PRN
AUT15EnB22;EnB22;15;50;113;15;AUT
ETE15EnC1;EnC1;15;50;114;15;ETE
ETE15EnC2;EnC2;15;50;114;15;ETE
PRN15Music0;Music0;25;50;118;15;PRN
ETE15Music0;Music0;25;50;118;15;ETE
AUT15Music0;Music0;25;50;117;15;AUT
PRN15Music1;Music1;25;50;116;15;PRN
AUT15Music2;Music2;25;50;115;15;AUT
