code1;matiere;quota;quotaExamen;enseignant;annee;trimestre
PRN20LinAlg01;LinAlg0;25;100;2;20;PRN
PRN20LinAlg02;LinAlg0;25;100;2;20;PRN
ETE20LinAlg01;LinAlg0;25;100;2;20;ETE
AUT20LinAlg01;LinAlg0;25;100;2;20;AUT
AUT20LinAlg02;LinAlg0;25;100;2;20;AUT
PRN20LinAlg11;LinAlg1;25;50;1;20;PRN
ETE20LinAlg11;LinAlg1;25;50;1;20;ETE
AUT20LinAlg11;LinAlg1;25;50;1;20;AUT
PRN20LinAlg21;LinAlg2;25;50;1;20;PRN
AUT20LinAlg21;LinAlg2;25;50;1;20;AUT
PRN20Ana01;Ana0;25;100;6;20;PRN
ETE20Ana01;Ana0;25;100;6;20;ETE
AUT20Ana01;Ana0;25;100;6;20;AUT
PRN20Ana11;Ana1;25;50;5;20;PRN
PRN20Ana12;Ana1;25;50;5;20;PRN
AUT20Ana11;Ana1;25;50;4;20;AUT
ETE20Ana11;Ana1;25;50;4;20;ETE
PRN20Ana21;Ana2;25;50;6;20;PRN
ETE20Ana21;Ana2;25;50;5;20;ETE
AUT20Ana21;Ana2;25;50;4;20;AUT
AUT20Ana31;Ana3;25;50;4;20;AUT
PRN20Ana41;Ana4;25;50;4;20;PRN
AUT20Control11;Control1;25;50;8;20;AUT
PRN20Control11;Control1;25;50;8;20;PRN
ETE20Control21;Control2;25;50;7;20;ETE
PRN20Control31;Control3;25;50;7;20;PRN
PRN20Topo01;Topo0;25;50;10;20;PRN
ETE20Topo01;Topo0;25;50;10;20;ETE
AUT20Topo01;Topo0;25;50;10;20;AUT
PRN20Topo11;Topo1;25;50;9;20;PRN
AUT20Topo21;Topo2;25;50;9;20;AUT
PRN20Proba01;Proba0;25;100;12;20;PRN
ETE20Proba01;Proba0;25;100;12;20;ETE
AUT20Proba01;Proba0;25;50;12;20;AUT
PRN20Proba11;Proba1;25;50;12;20;PRN
AUT20Proba11;Proba1;25;50;12;20;AUT
PRN20Proba21;Proba2;25;50;12;20;PRN
PRN20Mesure01;Mesure0;25;50;14;20;PRN
ETE20Mesure01;Mesure0;25;50;14;20;ETE
AUT20Mesure01;Mesure0;25;50;14;20;AUT
AUT20Mesure11;Mesure1;25;50;13;20;AUT
PRN20Mesure11;Mesure1;25;50;13;20;PRN
ETE20Comb01;Comb0;25;100;18;20;ETE
AUT20Comb01;Comb0;25;100;18;20;AUT
PRN20Comb01;Comb0;25;100;17;20;PRN
AUT20Comb02;Comb0;25;100;17;20;AUT
PRN20Comb11;Comb1;25;50;16;20;PRN
ETE20Comb11;Comb1;25;50;16;20;ETE
AUT20Comb21;Comb2;25;50;15;20;AUT
PRN20Logic01;Logic0;25;50;19;20;PRN
PRN20Logic02;Logic0;25;50;19;20;PRN
AUT20Logic01;Logic0;25;50;19;20;AUT
ETE20Logic01;Logic0;25;50;19;20;ETE
PRN20Logic03;Logic0;25;50;22;20;PRN
ETE20Logic02;Logic0;25;50;22;20;ETE
AUT20Logic02;Logic0;25;50;22;20;AUT
AUT20Logic11;Logic1;25;50;20;20;AUT
PRN20Logic21;Logic2;25;50;21;20;PRN
AUT20Logic31;Logic3;25;50;21;20;AUT
PRN20Fourier11;Fourier1;25;50;26;20;PRN
ETE20Fourier11;Fourier1;25;50;26;20;ETE
PRN20Fourier12;Fourier1;25;50;25;20;PRN
PRN20Fourier13;Fourier1;25;50;25;20;PRN
ETE20Fourier21;Fourier2;25;50;24;20;ETE
AUT20Fourier21;Fourier2;25;50;24;20;AUT
PRN20Complex01;Complex0;25;100;26;20;PRN
AUT20Complex01;Complex0;25;100;26;20;AUT
PRN20Complex02;Complex0;25;100;25;20;PRN
ETE20Complex01;Complex0;25;100;25;20;ETE
AUT20Complex11;Complex1;25;50;24;20;AUT
PRN20Complex11;Complex1;25;50;24;20;PRN
PRN20Complex21;Complex2;25;50;23;20;PRN
PRN20Signal11;Signal1;25;50;24;20;PRN
ETE20Signal11;Signal1;25;50;24;20;ETE
AUT20Signal11;Signal1;25;50;24;20;AUT
AUT20Signal21;Signal2;25;50;25;20;AUT
PRN20Signal31;Signal3;25;50;27;20;PRN
ETE20Signal41;Signal4;25;50;26;20;ETE
AUT20Stats11;Stats1;25;50;11;20;AUT
PRN20Stats11;Stats1;25;50;11;20;PRN
AUT20Stats21;Stats2;25;50;11;20;AUT
PRN20Stats21;Stats2;25;50;11;20;PRN
ETE20Stats31;Stats3;25;50;11;20;ETE
AUT20Num01;Num0;25;50;30;20;AUT
PRN20Num01;Num0;25;50;30;20;PRN
PRN20Num11;Num1;25;50;31;20;PRN
AUT20Num11;Num1;25;50;31;20;AUT
ETE20Num11;Num1;25;50;31;20;ETE
PRN20Num21;Num2;25;50;32;20;PRN
ETE20Num31;Num3;25;50;32;20;ETE
AUT20Num41;Num4;25;50;33;20;AUT
AUT20Num51;Num5;25;50;33;20;AUT
PRN20Num61;Num6;25;50;34;20;PRN
AUT20Num71;Num7;25;50;35;20;AUT
PRN20ProgLin1;ProgLin;25;50;36;20;PRN
ETE20ProgLin1;ProgLin;25;50;36;20;ETE
PRN20Model01;Model0;25;50;37;20;PRN
PRN20Model02;Model0;25;50;37;20;PRN
ETE20Model11;Model1;25;50;38;20;ETE
AUT20Meca01;Meca0;25;50;40;20;AUT
PRN20Meca01;Meca0;25;50;40;20;PRN
AUT20Meca02;Meca0;25;50;40;20;AUT
PRN20Meca02;Meca0;25;50;40;20;PRN
PRN20Meca11;Meca1;25;50;41;20;PRN
PRN20Meca12;Meca1;25;50;41;20;PRN
ETE20Meca11;Meca1;25;50;41;20;ETE
AUT20Elec01;Elec0;25;50;42;20;AUT
AUT20Elec02;Elec0;25;50;42;20;AUT
PRN20Elec01;Elec0;25;50;42;20;PRN
ETE20Elec11;Elec1;25;50;43;20;ETE
AUT20Elec21;Elec2;25;50;44;20;AUT
PRN20Elec31;Elec3;25;50;45;20;PRN
AUT20Thermo01;Thermo0;25;50;49;20;AUT
PRN20Thermo01;Thermo0;25;50;48;20;PRN
ETE20Thermo01;Thermo0;25;50;48;20;ETE
AUT20Thermo11;Thermo1;25;50;47;20;AUT
PRN20Thermo11;Thermo1;25;50;47;20;PRN
PRN20Thermo21;Thermo2;25;50;46;20;PRN
AUT20Thermo21;Thermo2;25;50;45;20;AUT
ETE20Thermo31;Thermo3;25;50;44;20;ETE
PRN20Fluid01;Fluid0;25;50;50;20;PRN
ETE20Fluid01;Fluid0;25;50;50;20;ETE
AUT20Fluid01;Fluid0;25;50;50;20;AUT
AUT20Fluid11;Fluid1;25;50;51;20;AUT
PRN20Fluid11;Fluid1;25;50;52;20;PRN
AUT20Fluid21;Fluid2;25;50;53;20;AUT
PRN20Fluid31;Fluid3;25;50;54;20;PRN
ETE20Optique01;Optique0;25;50;56;20;ETE
PRN20Optique01;Optique0;25;50;56;20;PRN
PRN20Optique11;Optique1;25;50;55;20;PRN
ETE20Mat11;Mat1;25;50;58;20;ETE
AUT20Mat11;Mat1;25;50;58;20;AUT
PRN20Mat21;Mat2;25;50;57;20;PRN
AUT20Mat21;Mat2;25;50;57;20;AUT
PRN20Techno01;Techno0;25;50;59;20;PRN
ETE20Techno01;Techno0;25;50;59;20;ETE
AUT20Techno01;Techno0;25;50;60;20;AUT
PRN20Techno02;Techno0;25;50;60;20;PRN
PRN20Techno03;Techno0;25;50;61;20;PRN
PRN20Techno04;Techno0;25;50;61;20;PRN
ETE20Techno11;Techno1;25;50;62;20;ETE
AUT20Techno11;Techno1;25;50;62;20;AUT
AUT20Techno12;Techno1;25;50;62;20;AUT
PRN20Techno21;Techno2;25;50;63;20;PRN
ETE20Techno21;Techno2;25;50;63;20;ETE
AUT20Techno21;Techno2;25;50;64;20;AUT
PRN20Techno22;Techno2;25;50;64;20;PRN
AUT20Techno22;Techno2;25;50;64;20;AUT
PRN20Prog01;Prog0;25;50;65;20;PRN
ETE20Prog01;Prog0;25;50;65;20;ETE
AUT20Prog01;Prog0;25;50;66;20;AUT
PRN20Prog02;Prog0;25;50;66;20;PRN
PRN20Prog11;Prog1;25;50;67;20;PRN
AUT20Prog11;Prog1;25;50;67;20;AUT
ETE20Prog11;Prog1;25;50;67;20;ETE
PRN20Prog21;Prog2;25;50;68;20;PRN
ETE20Prog21;Prog2;25;50;68;20;ETE
AUT20Prog31;Prog3;25;50;69;20;AUT
AUT20Prog32;Prog3;25;50;69;20;AUT
PRN20Prog41;Prog4;25;50;70;20;PRN
AUT20Prog41;Prog4;25;50;70;20;AUT
PRN20Net01;Net0;25;50;76;20;PRN
ETE20Net01;Net0;25;50;76;20;ETE
PRN20Net11;Net1;25;50;75;20;PRN
PRN20Net12;Net1;25;50;75;20;PRN
ETE20DevWeb01;DevWeb0;25;50;78;20;ETE
AUT20DevWeb01;DevWeb0;25;50;78;20;AUT
PRN20DevWeb01;DevWeb0;25;50;78;20;PRN
AUT20DevWeb11;DevWeb1;25;50;77;20;AUT
PRN20DevWeb11;DevWeb1;25;50;77;20;PRN
ETE20Algo11;Algo1;25;50;79;20;ETE
AUT20Algo11;Algo1;25;50;79;20;AUT
PRN20Algo21;Algo2;25;50;80;20;PRN
PRN20Comp01;Comp0;25;50;81;20;PRN
PRN20Comp02;Comp0;25;50;81;20;PRN
ETE20Comp11;Comp1;25;50;82;20;ETE
AUT20Comp21;Comp2;25;50;83;20;AUT
AUT20Data01;Data0;25;50;87;20;AUT
PRN20Data01;Data0;25;50;87;20;PRN
ETE20Data01;Data0;25;50;88;20;ETE
AUT20Data02;Data0;25;50;88;20;AUT
PRN20Data11;Data1;25;50;89;20;PRN
AUT20Data11;Data1;25;50;89;20;AUT
PRN20Data21;Data2;25;50;90;20;PRN
ETE20Data31;Data3;25;50;86;20;ETE
ETE20EnA11;EnA1;15;50;92;20;ETE
PRN20EnA111;EnA11;15;50;93;20;PRN
AUT20EnA111;EnA11;15;50;94;20;AUT
PRN20EnA121;EnA12;15;50;93;20;PRN
AUT20EnA121;EnA12;15;50;94;20;AUT
ETE20EnA21;EnA2;15;50;92;20;ETE
PRN20EnA211;EnA21;15;50;95;20;PRN
AUT20EnA211;EnA21;15;50;96;20;AUT
PRN20EnA221;EnA22;15;50;95;20;PRN
AUT20EnA221;EnA22;15;50;96;20;AUT
ETE20EnB11;EnB1;15;50;97;20;ETE
PRN20EnB111;EnB11;15;50;98;20;PRN
AUT20EnB111;EnB11;15;50;99;20;AUT
PRN20EnB121;EnB12;15;50;98;20;PRN
AUT20EnB121;EnB12;15;50;98;20;AUT
ETE20EnB21;EnB2;15;50;97;20;ETE
PRN20EnB211;EnB21;15;50;100;20;PRN
AUT20EnB221;EnB22;15;50;100;20;AUT
ETE20EnC11;EnC1;15;50;101;20;ETE
ETE20EnC21;EnC2;15;50;101;20;ETE
ETE20EnA12;EnA1;15;50;102;20;ETE
PRN20EnA112;EnA11;15;50;103;20;PRN
AUT20EnA112;EnA11;15;50;104;20;AUT
PRN20EnA122;EnA12;15;50;103;20;PRN
AUT20EnA122;EnA12;15;50;104;20;AUT
ETE20EnA22;EnA2;15;50;105;20;ETE
PRN20EnA212;EnA21;15;50;106;20;PRN
AUT20EnA212;EnA21;15;50;107;20;AUT
PRN20EnA222;EnA22;15;50;106;20;PRN
AUT20EnA222;EnA22;15;50;107;20;AUT
ETE20EnB12;EnB1;15;50;108;20;ETE
PRN20EnB112;EnB11;15;50;109;20;PRN
AUT20EnB112;EnB11;15;50;109;20;AUT
PRN20EnB122;EnB12;15;50;110;20;PRN
AUT20EnB122;EnB12;15;50;111;20;AUT
ETE20EnB22;EnB2;15;50;112;20;ETE
PRN20EnB212;EnB21;15;50;113;20;PRN
AUT20EnB222;EnB22;15;50;113;20;AUT
ETE20EnC12;EnC1;15;50;114;20;ETE
ETE20EnC22;EnC2;15;50;114;20;ETE
PRN20Music01;Music0;25;50;118;20;PRN
ETE20Music01;Music0;25;50;118;20;ETE
AUT20Music01;Music0;25;50;117;20;AUT
PRN20Music11;Music1;25;50;116;20;PRN
AUT20Music21;Music2;25;50;115;20;AUT
PRN19LinAlg01;LinAlg0;25;100;2;19;PRN
PRN19LinAlg02;LinAlg0;25;100;2;19;PRN
ETE19LinAlg01;LinAlg0;25;100;2;19;ETE
AUT19LinAlg01;LinAlg0;25;100;2;19;AUT
AUT19LinAlg02;LinAlg0;25;100;2;19;AUT
PRN19LinAlg11;LinAlg1;25;50;1;19;PRN
ETE19LinAlg11;LinAlg1;25;50;1;19;ETE
AUT19LinAlg11;LinAlg1;25;50;1;19;AUT
PRN19LinAlg21;LinAlg2;25;50;1;19;PRN
AUT19LinAlg21;LinAlg2;25;50;1;19;AUT
PRN19Ana01;Ana0;25;100;6;19;PRN
ETE19Ana01;Ana0;25;100;6;19;ETE
AUT19Ana01;Ana0;25;100;6;19;AUT
PRN19Ana11;Ana1;25;50;5;19;PRN
PRN19Ana12;Ana1;25;50;5;19;PRN
AUT19Ana11;Ana1;25;50;4;19;AUT
ETE19Ana11;Ana1;25;50;4;19;ETE
PRN19Ana21;Ana2;25;50;6;19;PRN
ETE19Ana21;Ana2;25;50;5;19;ETE
AUT19Ana21;Ana2;25;50;4;19;AUT
AUT19Ana31;Ana3;25;50;4;19;AUT
PRN19Ana41;Ana4;25;50;4;19;PRN
AUT19Control11;Control1;25;50;8;19;AUT
PRN19Control11;Control1;25;50;8;19;PRN
ETE19Control21;Control2;25;50;7;19;ETE
PRN19Control31;Control3;25;50;7;19;PRN
PRN19Topo01;Topo0;25;50;10;19;PRN
ETE19Topo01;Topo0;25;50;10;19;ETE
AUT19Topo01;Topo0;25;50;10;19;AUT
PRN19Topo11;Topo1;25;50;9;19;PRN
AUT19Topo21;Topo2;25;50;9;19;AUT
PRN19Proba01;Proba0;25;100;12;19;PRN
ETE19Proba01;Proba0;25;100;12;19;ETE
AUT19Proba01;Proba0;25;50;12;19;AUT
PRN19Proba11;Proba1;25;50;12;19;PRN
AUT19Proba11;Proba1;25;50;12;19;AUT
PRN19Proba21;Proba2;25;50;12;19;PRN
PRN19Mesure01;Mesure0;25;50;14;19;PRN
ETE19Mesure01;Mesure0;25;50;14;19;ETE
AUT19Mesure01;Mesure0;25;50;14;19;AUT
AUT19Mesure11;Mesure1;25;50;13;19;AUT
PRN19Mesure11;Mesure1;25;50;13;19;PRN
ETE19Comb01;Comb0;25;100;18;19;ETE
AUT19Comb01;Comb0;25;100;18;19;AUT
PRN19Comb01;Comb0;25;100;17;19;PRN
AUT19Comb02;Comb0;25;100;17;19;AUT
PRN19Comb11;Comb1;25;50;16;19;PRN
ETE19Comb11;Comb1;25;50;16;19;ETE
AUT19Comb21;Comb2;25;50;15;19;AUT
PRN19Logic01;Logic0;25;50;19;19;PRN
PRN19Logic02;Logic0;25;50;19;19;PRN
AUT19Logic01;Logic0;25;50;19;19;AUT
ETE19Logic01;Logic0;25;50;19;19;ETE
PRN19Logic03;Logic0;25;50;22;19;PRN
ETE19Logic02;Logic0;25;50;22;19;ETE
AUT19Logic02;Logic0;25;50;22;19;AUT
AUT19Logic11;Logic1;25;50;20;19;AUT
PRN19Logic21;Logic2;25;50;21;19;PRN
AUT19Logic31;Logic3;25;50;21;19;AUT
PRN19Fourier11;Fourier1;25;50;26;19;PRN
ETE19Fourier11;Fourier1;25;50;26;19;ETE
PRN19Fourier12;Fourier1;25;50;25;19;PRN
PRN19Fourier13;Fourier1;25;50;25;19;PRN
ETE19Fourier21;Fourier2;25;50;24;19;ETE
AUT19Fourier21;Fourier2;25;50;24;19;AUT
PRN19Complex01;Complex0;25;100;26;19;PRN
AUT19Complex01;Complex0;25;100;26;19;AUT
PRN19Complex02;Complex0;25;100;25;19;PRN
ETE19Complex01;Complex0;25;100;25;19;ETE
AUT19Complex11;Complex1;25;50;24;19;AUT
PRN19Complex11;Complex1;25;50;24;19;PRN
PRN19Complex21;Complex2;25;50;23;19;PRN
PRN19Signal11;Signal1;25;50;24;19;PRN
ETE19Signal11;Signal1;25;50;24;19;ETE
AUT19Signal11;Signal1;25;50;24;19;AUT
AUT19Signal21;Signal2;25;50;25;19;AUT
PRN19Signal31;Signal3;25;50;27;19;PRN
ETE19Signal41;Signal4;25;50;26;19;ETE
AUT19Stats11;Stats1;25;50;11;19;AUT
PRN19Stats11;Stats1;25;50;11;19;PRN
AUT19Stats21;Stats2;25;50;11;19;AUT
PRN19Stats21;Stats2;25;50;11;19;PRN
ETE19Stats31;Stats3;25;50;11;19;ETE
AUT19Num01;Num0;25;50;30;19;AUT
PRN19Num01;Num0;25;50;30;19;PRN
PRN19Num11;Num1;25;50;31;19;PRN
AUT19Num11;Num1;25;50;31;19;AUT
ETE19Num11;Num1;25;50;31;19;ETE
PRN19Num21;Num2;25;50;32;19;PRN
ETE19Num31;Num3;25;50;32;19;ETE
AUT19Num41;Num4;25;50;33;19;AUT
AUT19Num51;Num5;25;50;33;19;AUT
PRN19Num61;Num6;25;50;34;19;PRN
AUT19Num71;Num7;25;50;35;19;AUT
PRN19ProgLin1;ProgLin;25;50;36;19;PRN
ETE19ProgLin1;ProgLin;25;50;36;19;ETE
PRN19Model01;Model0;25;50;37;19;PRN
PRN19Model02;Model0;25;50;37;19;PRN
ETE19Model11;Model1;25;50;38;19;ETE
AUT19Meca01;Meca0;25;50;40;19;AUT
PRN19Meca01;Meca0;25;50;40;19;PRN
AUT19Meca02;Meca0;25;50;40;19;AUT
PRN19Meca02;Meca0;25;50;40;19;PRN
PRN19Meca11;Meca1;25;50;41;19;PRN
PRN19Meca12;Meca1;25;50;41;19;PRN
ETE19Meca11;Meca1;25;50;41;19;ETE
AUT19Elec01;Elec0;25;50;42;19;AUT
AUT19Elec02;Elec0;25;50;42;19;AUT
PRN19Elec01;Elec0;25;50;42;19;PRN
ETE19Elec11;Elec1;25;50;43;19;ETE
AUT19Elec21;Elec2;25;50;44;19;AUT
PRN19Elec31;Elec3;25;50;45;19;PRN
AUT19Thermo01;Thermo0;25;50;49;19;AUT
PRN19Thermo01;Thermo0;25;50;48;19;PRN
ETE19Thermo01;Thermo0;25;50;48;19;ETE
AUT19Thermo11;Thermo1;25;50;47;19;AUT
PRN19Thermo11;Thermo1;25;50;47;19;PRN
PRN19Thermo21;Thermo2;25;50;46;19;PRN
AUT19Thermo21;Thermo2;25;50;45;19;AUT
ETE19Thermo31;Thermo3;25;50;44;19;ETE
PRN19Fluid01;Fluid0;25;50;50;19;PRN
ETE19Fluid01;Fluid0;25;50;50;19;ETE
AUT19Fluid01;Fluid0;25;50;50;19;AUT
AUT19Fluid11;Fluid1;25;50;51;19;AUT
PRN19Fluid11;Fluid1;25;50;52;19;PRN
AUT19Fluid21;Fluid2;25;50;53;19;AUT
PRN19Fluid31;Fluid3;25;50;54;19;PRN
ETE19Optique01;Optique0;25;50;56;19;ETE
PRN19Optique01;Optique0;25;50;56;19;PRN
PRN19Optique11;Optique1;25;50;55;19;PRN
ETE19Mat11;Mat1;25;50;58;19;ETE
AUT19Mat11;Mat1;25;50;58;19;AUT
PRN19Mat21;Mat2;25;50;57;19;PRN
AUT19Mat21;Mat2;25;50;57;19;AUT
PRN19Techno01;Techno0;25;50;59;19;PRN
ETE19Techno01;Techno0;25;50;59;19;ETE
AUT19Techno01;Techno0;25;50;60;19;AUT
PRN19Techno02;Techno0;25;50;60;19;PRN
PRN19Techno03;Techno0;25;50;61;19;PRN
PRN19Techno04;Techno0;25;50;61;19;PRN
ETE19Techno11;Techno1;25;50;62;19;ETE
AUT19Techno11;Techno1;25;50;62;19;AUT
AUT19Techno12;Techno1;25;50;62;19;AUT
PRN19Techno21;Techno2;25;50;63;19;PRN
ETE19Techno21;Techno2;25;50;63;19;ETE
AUT19Techno21;Techno2;25;50;64;19;AUT
PRN19Techno22;Techno2;25;50;64;19;PRN
AUT19Techno22;Techno2;25;50;64;19;AUT
PRN19Prog01;Prog0;25;50;65;19;PRN
ETE19Prog01;Prog0;25;50;65;19;ETE
AUT19Prog01;Prog0;25;50;66;19;AUT
PRN19Prog02;Prog0;25;50;66;19;PRN
PRN19Prog11;Prog1;25;50;67;19;PRN
AUT19Prog11;Prog1;25;50;67;19;AUT
ETE19Prog11;Prog1;25;50;67;19;ETE
PRN19Prog21;Prog2;25;50;68;19;PRN
ETE19Prog21;Prog2;25;50;68;19;ETE
AUT19Prog31;Prog3;25;50;69;19;AUT
AUT19Prog32;Prog3;25;50;69;19;AUT
PRN19Prog41;Prog4;25;50;70;19;PRN
AUT19Prog41;Prog4;25;50;70;19;AUT
PRN19Net01;Net0;25;50;76;19;PRN
ETE19Net01;Net0;25;50;76;19;ETE
PRN19Net11;Net1;25;50;75;19;PRN
PRN19Net12;Net1;25;50;75;19;PRN
ETE19DevWeb01;DevWeb0;25;50;78;19;ETE
AUT19DevWeb01;DevWeb0;25;50;78;19;AUT
PRN19DevWeb01;DevWeb0;25;50;78;19;PRN
AUT19DevWeb11;DevWeb1;25;50;77;19;AUT
PRN19DevWeb11;DevWeb1;25;50;77;19;PRN
ETE19Algo11;Algo1;25;50;79;19;ETE
AUT19Algo11;Algo1;25;50;79;19;AUT
PRN19Algo21;Algo2;25;50;80;19;PRN
PRN19Comp01;Comp0;25;50;81;19;PRN
PRN19Comp02;Comp0;25;50;81;19;PRN
ETE19Comp11;Comp1;25;50;82;19;ETE
AUT19Comp21;Comp2;25;50;83;19;AUT
AUT19Data01;Data0;25;50;87;19;AUT
PRN19Data01;Data0;25;50;87;19;PRN
ETE19Data01;Data0;25;50;88;19;ETE
AUT19Data02;Data0;25;50;88;19;AUT
PRN19Data11;Data1;25;50;89;19;PRN
AUT19Data11;Data1;25;50;89;19;AUT
PRN19Data21;Data2;25;50;90;19;PRN
ETE19Data31;Data3;25;50;86;19;ETE
ETE19EnA11;EnA1;15;50;92;19;ETE
PRN19EnA111;EnA11;15;50;93;19;PRN
AUT19EnA111;EnA11;15;50;94;19;AUT
PRN19EnA121;EnA12;15;50;93;19;PRN
AUT19EnA121;EnA12;15;50;94;19;AUT
ETE19EnA21;EnA2;15;50;92;19;ETE
PRN19EnA211;EnA21;15;50;95;19;PRN
AUT19EnA211;EnA21;15;50;96;19;AUT
PRN19EnA221;EnA22;15;50;95;19;PRN
AUT19EnA221;EnA22;15;50;96;19;AUT
ETE19EnB11;EnB1;15;50;97;19;ETE
PRN19EnB111;EnB11;15;50;98;19;PRN
AUT19EnB111;EnB11;15;50;99;19;AUT
PRN19EnB121;EnB12;15;50;98;19;PRN
AUT19EnB121;EnB12;15;50;98;19;AUT
ETE19EnB21;EnB2;15;50;97;19;ETE
PRN19EnB211;EnB21;15;50;100;19;PRN
AUT19EnB221;EnB22;15;50;100;19;AUT
ETE19EnC11;EnC1;15;50;101;19;ETE
ETE19EnC21;EnC2;15;50;101;19;ETE
ETE19EnA12;EnA1;15;50;102;19;ETE
PRN19EnA112;EnA11;15;50;103;19;PRN
AUT19EnA112;EnA11;15;50;104;19;AUT
PRN19EnA122;EnA12;15;50;103;19;PRN
AUT19EnA122;EnA12;15;50;104;19;AUT
ETE19EnA22;EnA2;15;50;105;19;ETE
PRN19EnA212;EnA21;15;50;106;19;PRN
AUT19EnA212;EnA21;15;50;107;19;AUT
PRN19EnA222;EnA22;15;50;106;19;PRN
AUT19EnA222;EnA22;15;50;107;19;AUT
ETE19EnB12;EnB1;15;50;108;19;ETE
PRN19EnB112;EnB11;15;50;109;19;PRN
AUT19EnB112;EnB11;15;50;109;19;AUT
PRN19EnB122;EnB12;15;50;110;19;PRN
AUT19EnB122;EnB12;15;50;111;19;AUT
ETE19EnB22;EnB2;15;50;112;19;ETE
PRN19EnB212;EnB21;15;50;113;19;PRN
AUT19EnB222;EnB22;15;50;113;19;AUT
ETE19EnC12;EnC1;15;50;114;19;ETE
ETE19EnC22;EnC2;15;50;114;19;ETE
PRN19Music01;Music0;25;50;118;19;PRN
ETE19Music01;Music0;25;50;118;19;ETE
AUT19Music01;Music0;25;50;117;19;AUT
PRN19Music11;Music1;25;50;116;19;PRN
AUT19Music21;Music2;25;50;115;19;AUT
PRN18LinAlg01;LinAlg0;25;100;2;18;PRN
PRN18LinAlg02;LinAlg0;25;100;2;18;PRN
ETE18LinAlg01;LinAlg0;25;100;2;18;ETE
AUT18LinAlg01;LinAlg0;25;100;2;18;AUT
AUT18LinAlg02;LinAlg0;25;100;2;18;AUT
PRN18LinAlg11;LinAlg1;25;50;1;18;PRN
ETE18LinAlg11;LinAlg1;25;50;1;18;ETE
AUT18LinAlg11;LinAlg1;25;50;1;18;AUT
PRN18LinAlg21;LinAlg2;25;50;1;18;PRN
AUT18LinAlg21;LinAlg2;25;50;1;18;AUT
PRN18Ana01;Ana0;25;100;6;18;PRN
ETE18Ana01;Ana0;25;100;6;18;ETE
AUT18Ana01;Ana0;25;100;6;18;AUT
PRN18Ana11;Ana1;25;50;5;18;PRN
PRN18Ana12;Ana1;25;50;5;18;PRN
AUT18Ana11;Ana1;25;50;4;18;AUT
ETE18Ana11;Ana1;25;50;4;18;ETE
PRN18Ana21;Ana2;25;50;6;18;PRN
ETE18Ana21;Ana2;25;50;5;18;ETE
AUT18Ana21;Ana2;25;50;4;18;AUT
AUT18Ana31;Ana3;25;50;4;18;AUT
PRN18Ana41;Ana4;25;50;4;18;PRN
AUT18Control11;Control1;25;50;8;18;AUT
PRN18Control11;Control1;25;50;8;18;PRN
ETE18Control21;Control2;25;50;7;18;ETE
PRN18Control31;Control3;25;50;7;18;PRN
PRN18Topo01;Topo0;25;50;10;18;PRN
ETE18Topo01;Topo0;25;50;10;18;ETE
AUT18Topo01;Topo0;25;50;10;18;AUT
PRN18Topo11;Topo1;25;50;9;18;PRN
AUT18Topo21;Topo2;25;50;9;18;AUT
PRN18Proba01;Proba0;25;100;12;18;PRN
ETE18Proba01;Proba0;25;100;12;18;ETE
AUT18Proba01;Proba0;25;50;12;18;AUT
PRN18Proba11;Proba1;25;50;12;18;PRN
AUT18Proba11;Proba1;25;50;12;18;AUT
PRN18Proba21;Proba2;25;50;12;18;PRN
PRN18Mesure01;Mesure0;25;50;14;18;PRN
ETE18Mesure01;Mesure0;25;50;14;18;ETE
AUT18Mesure01;Mesure0;25;50;14;18;AUT
AUT18Mesure11;Mesure1;25;50;13;18;AUT
PRN18Mesure11;Mesure1;25;50;13;18;PRN
ETE18Comb01;Comb0;25;100;18;18;ETE
AUT18Comb01;Comb0;25;100;18;18;AUT
PRN18Comb01;Comb0;25;100;17;18;PRN
AUT18Comb02;Comb0;25;100;17;18;AUT
PRN18Comb11;Comb1;25;50;16;18;PRN
ETE18Comb11;Comb1;25;50;16;18;ETE
AUT18Comb21;Comb2;25;50;15;18;AUT
PRN18Logic01;Logic0;25;50;19;18;PRN
PRN18Logic02;Logic0;25;50;19;18;PRN
AUT18Logic01;Logic0;25;50;19;18;AUT
ETE18Logic01;Logic0;25;50;19;18;ETE
PRN18Logic03;Logic0;25;50;22;18;PRN
ETE18Logic02;Logic0;25;50;22;18;ETE
AUT18Logic02;Logic0;25;50;22;18;AUT
AUT18Logic11;Logic1;25;50;20;18;AUT
PRN18Logic21;Logic2;25;50;21;18;PRN
AUT18Logic31;Logic3;25;50;21;18;AUT
PRN18Fourier11;Fourier1;25;50;26;18;PRN
ETE18Fourier11;Fourier1;25;50;26;18;ETE
PRN18Fourier12;Fourier1;25;50;25;18;PRN
PRN18Fourier13;Fourier1;25;50;25;18;PRN
ETE18Fourier21;Fourier2;25;50;24;18;ETE
AUT18Fourier21;Fourier2;25;50;24;18;AUT
PRN18Complex01;Complex0;25;100;26;18;PRN
AUT18Complex01;Complex0;25;100;26;18;AUT
PRN18Complex02;Complex0;25;100;25;18;PRN
ETE18Complex01;Complex0;25;100;25;18;ETE
AUT18Complex11;Complex1;25;50;24;18;AUT
PRN18Complex11;Complex1;25;50;24;18;PRN
PRN18Complex21;Complex2;25;50;23;18;PRN
PRN18Signal11;Signal1;25;50;24;18;PRN
ETE18Signal11;Signal1;25;50;24;18;ETE
AUT18Signal11;Signal1;25;50;24;18;AUT
AUT18Signal21;Signal2;25;50;25;18;AUT
PRN18Signal31;Signal3;25;50;27;18;PRN
ETE18Signal41;Signal4;25;50;26;18;ETE
AUT18Stats11;Stats1;25;50;11;18;AUT
PRN18Stats11;Stats1;25;50;11;18;PRN
AUT18Stats21;Stats2;25;50;11;18;AUT
PRN18Stats21;Stats2;25;50;11;18;PRN
ETE18Stats31;Stats3;25;50;11;18;ETE
AUT18Num01;Num0;25;50;30;18;AUT
PRN18Num01;Num0;25;50;30;18;PRN
PRN18Num11;Num1;25;50;31;18;PRN
AUT18Num11;Num1;25;50;31;18;AUT
ETE18Num11;Num1;25;50;31;18;ETE
PRN18Num21;Num2;25;50;32;18;PRN
ETE18Num31;Num3;25;50;32;18;ETE
AUT18Num41;Num4;25;50;33;18;AUT
AUT18Num51;Num5;25;50;33;18;AUT
PRN18Num61;Num6;25;50;34;18;PRN
AUT18Num71;Num7;25;50;35;18;AUT
PRN18ProgLin1;ProgLin;25;50;36;18;PRN
ETE18ProgLin1;ProgLin;25;50;36;18;ETE
PRN18Model01;Model0;25;50;37;18;PRN
PRN18Model02;Model0;25;50;37;18;PRN
ETE18Model11;Model1;25;50;38;18;ETE
AUT18Meca01;Meca0;25;50;40;18;AUT
PRN18Meca01;Meca0;25;50;40;18;PRN
AUT18Meca02;Meca0;25;50;40;18;AUT
PRN18Meca02;Meca0;25;50;40;18;PRN
PRN18Meca11;Meca1;25;50;41;18;PRN
PRN18Meca12;Meca1;25;50;41;18;PRN
ETE18Meca11;Meca1;25;50;41;18;ETE
AUT18Elec01;Elec0;25;50;42;18;AUT
AUT18Elec02;Elec0;25;50;42;18;AUT
PRN18Elec01;Elec0;25;50;42;18;PRN
ETE18Elec11;Elec1;25;50;43;18;ETE
AUT18Elec21;Elec2;25;50;44;18;AUT
PRN18Elec31;Elec3;25;50;45;18;PRN
AUT18Thermo01;Thermo0;25;50;49;18;AUT
PRN18Thermo01;Thermo0;25;50;48;18;PRN
ETE18Thermo01;Thermo0;25;50;48;18;ETE
AUT18Thermo11;Thermo1;25;50;47;18;AUT
PRN18Thermo11;Thermo1;25;50;47;18;PRN
PRN18Thermo21;Thermo2;25;50;46;18;PRN
AUT18Thermo21;Thermo2;25;50;45;18;AUT
ETE18Thermo31;Thermo3;25;50;44;18;ETE
PRN18Fluid01;Fluid0;25;50;50;18;PRN
ETE18Fluid01;Fluid0;25;50;50;18;ETE
AUT18Fluid01;Fluid0;25;50;50;18;AUT
AUT18Fluid11;Fluid1;25;50;51;18;AUT
PRN18Fluid11;Fluid1;25;50;52;18;PRN
AUT18Fluid21;Fluid2;25;50;53;18;AUT
PRN18Fluid31;Fluid3;25;50;54;18;PRN
ETE18Optique01;Optique0;25;50;56;18;ETE
PRN18Optique01;Optique0;25;50;56;18;PRN
PRN18Optique11;Optique1;25;50;55;18;PRN
ETE18Mat11;Mat1;25;50;58;18;ETE
AUT18Mat11;Mat1;25;50;58;18;AUT
PRN18Mat21;Mat2;25;50;57;18;PRN
AUT18Mat21;Mat2;25;50;57;18;AUT
PRN18Techno01;Techno0;25;50;59;18;PRN
ETE18Techno01;Techno0;25;50;59;18;ETE
AUT18Techno01;Techno0;25;50;60;18;AUT
PRN18Techno02;Techno0;25;50;60;18;PRN
PRN18Techno03;Techno0;25;50;61;18;PRN
PRN18Techno04;Techno0;25;50;61;18;PRN
ETE18Techno11;Techno1;25;50;62;18;ETE
AUT18Techno11;Techno1;25;50;62;18;AUT
AUT18Techno12;Techno1;25;50;62;18;AUT
PRN18Techno21;Techno2;25;50;63;18;PRN
ETE18Techno21;Techno2;25;50;63;18;ETE
AUT18Techno21;Techno2;25;50;64;18;AUT
PRN18Techno22;Techno2;25;50;64;18;PRN
AUT18Techno22;Techno2;25;50;64;18;AUT
PRN18Prog01;Prog0;25;50;65;18;PRN
ETE18Prog01;Prog0;25;50;65;18;ETE
AUT18Prog01;Prog0;25;50;66;18;AUT
PRN18Prog02;Prog0;25;50;66;18;PRN
PRN18Prog11;Prog1;25;50;67;18;PRN
AUT18Prog11;Prog1;25;50;67;18;AUT
ETE18Prog11;Prog1;25;50;67;18;ETE
PRN18Prog21;Prog2;25;50;68;18;PRN
ETE18Prog21;Prog2;25;50;68;18;ETE
AUT18Prog31;Prog3;25;50;69;18;AUT
AUT18Prog32;Prog3;25;50;69;18;AUT
PRN18Prog41;Prog4;25;50;70;18;PRN
AUT18Prog41;Prog4;25;50;70;18;AUT
PRN18Net01;Net0;25;50;76;18;PRN
ETE18Net01;Net0;25;50;76;18;ETE
PRN18Net11;Net1;25;50;75;18;PRN
PRN18Net12;Net1;25;50;75;18;PRN
ETE18DevWeb01;DevWeb0;25;50;78;18;ETE
AUT18DevWeb01;DevWeb0;25;50;78;18;AUT
PRN18DevWeb01;DevWeb0;25;50;78;18;PRN
AUT18DevWeb11;DevWeb1;25;50;77;18;AUT
PRN18DevWeb11;DevWeb1;25;50;77;18;PRN
ETE18Algo11;Algo1;25;50;79;18;ETE
AUT18Algo11;Algo1;25;50;79;18;AUT
PRN18Algo21;Algo2;25;50;80;18;PRN
PRN18Comp01;Comp0;25;50;81;18;PRN
PRN18Comp02;Comp0;25;50;81;18;PRN
ETE18Comp11;Comp1;25;50;82;18;ETE
AUT18Comp21;Comp2;25;50;83;18;AUT
AUT18Data01;Data0;25;50;87;18;AUT
PRN18Data01;Data0;25;50;87;18;PRN
ETE18Data01;Data0;25;50;88;18;ETE
AUT18Data02;Data0;25;50;88;18;AUT
PRN18Data11;Data1;25;50;89;18;PRN
AUT18Data11;Data1;25;50;89;18;AUT
PRN18Data21;Data2;25;50;90;18;PRN
ETE18Data31;Data3;25;50;86;18;ETE
ETE18EnA11;EnA1;15;50;92;18;ETE
PRN18EnA111;EnA11;15;50;93;18;PRN
AUT18EnA111;EnA11;15;50;94;18;AUT
PRN18EnA121;EnA12;15;50;93;18;PRN
AUT18EnA121;EnA12;15;50;94;18;AUT
ETE18EnA21;EnA2;15;50;92;18;ETE
PRN18EnA211;EnA21;15;50;95;18;PRN
AUT18EnA211;EnA21;15;50;96;18;AUT
PRN18EnA221;EnA22;15;50;95;18;PRN
AUT18EnA221;EnA22;15;50;96;18;AUT
ETE18EnB11;EnB1;15;50;97;18;ETE
PRN18EnB111;EnB11;15;50;98;18;PRN
AUT18EnB111;EnB11;15;50;99;18;AUT
PRN18EnB121;EnB12;15;50;98;18;PRN
AUT18EnB121;EnB12;15;50;98;18;AUT
ETE18EnB21;EnB2;15;50;97;18;ETE
PRN18EnB211;EnB21;15;50;100;18;PRN
AUT18EnB221;EnB22;15;50;100;18;AUT
ETE18EnC11;EnC1;15;50;101;18;ETE
ETE18EnC21;EnC2;15;50;101;18;ETE
ETE18EnA12;EnA1;15;50;102;18;ETE
PRN18EnA112;EnA11;15;50;103;18;PRN
AUT18EnA112;EnA11;15;50;104;18;AUT
PRN18EnA122;EnA12;15;50;103;18;PRN
AUT18EnA122;EnA12;15;50;104;18;AUT
ETE18EnA22;EnA2;15;50;105;18;ETE
PRN18EnA212;EnA21;15;50;106;18;PRN
AUT18EnA212;EnA21;15;50;107;18;AUT
PRN18EnA222;EnA22;15;50;106;18;PRN
AUT18EnA222;EnA22;15;50;107;18;AUT
ETE18EnB12;EnB1;15;50;108;18;ETE
PRN18EnB112;EnB11;15;50;109;18;PRN
AUT18EnB112;EnB11;15;50;109;18;AUT
PRN18EnB122;EnB12;15;50;110;18;PRN
AUT18EnB122;EnB12;15;50;111;18;AUT
ETE18EnB22;EnB2;15;50;112;18;ETE
PRN18EnB212;EnB21;15;50;113;18;PRN
AUT18EnB222;EnB22;15;50;113;18;AUT
ETE18EnC12;EnC1;15;50;114;18;ETE
ETE18EnC22;EnC2;15;50;114;18;ETE
PRN18Music01;Music0;25;50;118;18;PRN
ETE18Music01;Music0;25;50;118;18;ETE
AUT18Music01;Music0;25;50;117;18;AUT
PRN18Music11;Music1;25;50;116;18;PRN
AUT18Music21;Music2;25;50;115;18;AUT
PRN17LinAlg01;LinAlg0;25;100;2;17;PRN
PRN17LinAlg02;LinAlg0;25;100;2;17;PRN
ETE17LinAlg01;LinAlg0;25;100;2;17;ETE
AUT17LinAlg01;LinAlg0;25;100;2;17;AUT
AUT17LinAlg02;LinAlg0;25;100;2;17;AUT
PRN17LinAlg11;LinAlg1;25;50;1;17;PRN
ETE17LinAlg11;LinAlg1;25;50;1;17;ETE
AUT17LinAlg11;LinAlg1;25;50;1;17;AUT
PRN17LinAlg21;LinAlg2;25;50;1;17;PRN
AUT17LinAlg21;LinAlg2;25;50;1;17;AUT
PRN17Ana01;Ana0;25;100;6;17;PRN
ETE17Ana01;Ana0;25;100;6;17;ETE
AUT17Ana01;Ana0;25;100;6;17;AUT
PRN17Ana11;Ana1;25;50;5;17;PRN
PRN17Ana12;Ana1;25;50;5;17;PRN
AUT17Ana11;Ana1;25;50;4;17;AUT
ETE17Ana11;Ana1;25;50;4;17;ETE
PRN17Ana21;Ana2;25;50;6;17;PRN
ETE17Ana21;Ana2;25;50;5;17;ETE
AUT17Ana21;Ana2;25;50;4;17;AUT
AUT17Ana31;Ana3;25;50;4;17;AUT
PRN17Ana41;Ana4;25;50;4;17;PRN
AUT17Control11;Control1;25;50;8;17;AUT
PRN17Control11;Control1;25;50;8;17;PRN
ETE17Control21;Control2;25;50;7;17;ETE
PRN17Control31;Control3;25;50;7;17;PRN
PRN17Topo01;Topo0;25;50;10;17;PRN
ETE17Topo01;Topo0;25;50;10;17;ETE
AUT17Topo01;Topo0;25;50;10;17;AUT
PRN17Topo11;Topo1;25;50;9;17;PRN
AUT17Topo21;Topo2;25;50;9;17;AUT
PRN17Proba01;Proba0;25;100;12;17;PRN
ETE17Proba01;Proba0;25;100;12;17;ETE
AUT17Proba01;Proba0;25;50;12;17;AUT
PRN17Proba11;Proba1;25;50;12;17;PRN
AUT17Proba11;Proba1;25;50;12;17;AUT
PRN17Proba21;Proba2;25;50;12;17;PRN
PRN17Mesure01;Mesure0;25;50;14;17;PRN
ETE17Mesure01;Mesure0;25;50;14;17;ETE
AUT17Mesure01;Mesure0;25;50;14;17;AUT
AUT17Mesure11;Mesure1;25;50;13;17;AUT
PRN17Mesure11;Mesure1;25;50;13;17;PRN
ETE17Comb01;Comb0;25;100;18;17;ETE
AUT17Comb01;Comb0;25;100;18;17;AUT
PRN17Comb01;Comb0;25;100;17;17;PRN
AUT17Comb02;Comb0;25;100;17;17;AUT
PRN17Comb11;Comb1;25;50;16;17;PRN
ETE17Comb11;Comb1;25;50;16;17;ETE
AUT17Comb21;Comb2;25;50;15;17;AUT
PRN17Logic01;Logic0;25;50;19;17;PRN
PRN17Logic02;Logic0;25;50;19;17;PRN
AUT17Logic01;Logic0;25;50;19;17;AUT
ETE17Logic01;Logic0;25;50;19;17;ETE
PRN17Logic03;Logic0;25;50;22;17;PRN
ETE17Logic02;Logic0;25;50;22;17;ETE
AUT17Logic02;Logic0;25;50;22;17;AUT
AUT17Logic11;Logic1;25;50;20;17;AUT
PRN17Logic21;Logic2;25;50;21;17;PRN
AUT17Logic31;Logic3;25;50;21;17;AUT
PRN17Fourier11;Fourier1;25;50;26;17;PRN
ETE17Fourier11;Fourier1;25;50;26;17;ETE
PRN17Fourier12;Fourier1;25;50;25;17;PRN
PRN17Fourier13;Fourier1;25;50;25;17;PRN
ETE17Fourier21;Fourier2;25;50;24;17;ETE
AUT17Fourier21;Fourier2;25;50;24;17;AUT
PRN17Complex01;Complex0;25;100;26;17;PRN
AUT17Complex01;Complex0;25;100;26;17;AUT
PRN17Complex02;Complex0;25;100;25;17;PRN
ETE17Complex01;Complex0;25;100;25;17;ETE
AUT17Complex11;Complex1;25;50;24;17;AUT
PRN17Complex11;Complex1;25;50;24;17;PRN
PRN17Complex21;Complex2;25;50;23;17;PRN
PRN17Signal11;Signal1;25;50;24;17;PRN
ETE17Signal11;Signal1;25;50;24;17;ETE
AUT17Signal11;Signal1;25;50;24;17;AUT
AUT17Signal21;Signal2;25;50;25;17;AUT
PRN17Signal31;Signal3;25;50;27;17;PRN
ETE17Signal41;Signal4;25;50;26;17;ETE
AUT17Stats11;Stats1;25;50;11;17;AUT
PRN17Stats11;Stats1;25;50;11;17;PRN
AUT17Stats21;Stats2;25;50;11;17;AUT
PRN17Stats21;Stats2;25;50;11;17;PRN
ETE17Stats31;Stats3;25;50;11;17;ETE
AUT17Num01;Num0;25;50;30;17;AUT
PRN17Num01;Num0;25;50;30;17;PRN
PRN17Num11;Num1;25;50;31;17;PRN
AUT17Num11;Num1;25;50;31;17;AUT
ETE17Num11;Num1;25;50;31;17;ETE
PRN17Num21;Num2;25;50;32;17;PRN
ETE17Num31;Num3;25;50;32;17;ETE
AUT17Num41;Num4;25;50;33;17;AUT
AUT17Num51;Num5;25;50;33;17;AUT
PRN17Num61;Num6;25;50;34;17;PRN
AUT17Num71;Num7;25;50;35;17;AUT
PRN17ProgLin1;ProgLin;25;50;36;17;PRN
ETE17ProgLin1;ProgLin;25;50;36;17;ETE
PRN17Model01;Model0;25;50;37;17;PRN
PRN17Model02;Model0;25;50;37;17;PRN
ETE17Model11;Model1;25;50;38;17;ETE
AUT17Meca01;Meca0;25;50;40;17;AUT
PRN17Meca01;Meca0;25;50;40;17;PRN
AUT17Meca02;Meca0;25;50;40;17;AUT
PRN17Meca02;Meca0;25;50;40;17;PRN
PRN17Meca11;Meca1;25;50;41;17;PRN
PRN17Meca12;Meca1;25;50;41;17;PRN
ETE17Meca11;Meca1;25;50;41;17;ETE
AUT17Elec01;Elec0;25;50;42;17;AUT
AUT17Elec02;Elec0;25;50;42;17;AUT
PRN17Elec01;Elec0;25;50;42;17;PRN
ETE17Elec11;Elec1;25;50;43;17;ETE
AUT17Elec21;Elec2;25;50;44;17;AUT
PRN17Elec31;Elec3;25;50;45;17;PRN
AUT17Thermo01;Thermo0;25;50;49;17;AUT
PRN17Thermo01;Thermo0;25;50;48;17;PRN
ETE17Thermo01;Thermo0;25;50;48;17;ETE
AUT17Thermo11;Thermo1;25;50;47;17;AUT
PRN17Thermo11;Thermo1;25;50;47;17;PRN
PRN17Thermo21;Thermo2;25;50;46;17;PRN
AUT17Thermo21;Thermo2;25;50;45;17;AUT
ETE17Thermo31;Thermo3;25;50;44;17;ETE
PRN17Fluid01;Fluid0;25;50;50;17;PRN
ETE17Fluid01;Fluid0;25;50;50;17;ETE
AUT17Fluid01;Fluid0;25;50;50;17;AUT
AUT17Fluid11;Fluid1;25;50;51;17;AUT
PRN17Fluid11;Fluid1;25;50;52;17;PRN
AUT17Fluid21;Fluid2;25;50;53;17;AUT
PRN17Fluid31;Fluid3;25;50;54;17;PRN
ETE17Optique01;Optique0;25;50;56;17;ETE
PRN17Optique01;Optique0;25;50;56;17;PRN
PRN17Optique11;Optique1;25;50;55;17;PRN
ETE17Mat11;Mat1;25;50;58;17;ETE
AUT17Mat11;Mat1;25;50;58;17;AUT
PRN17Mat21;Mat2;25;50;57;17;PRN
AUT17Mat21;Mat2;25;50;57;17;AUT
PRN17Techno01;Techno0;25;50;59;17;PRN
ETE17Techno01;Techno0;25;50;59;17;ETE
AUT17Techno01;Techno0;25;50;60;17;AUT
PRN17Techno02;Techno0;25;50;60;17;PRN
PRN17Techno03;Techno0;25;50;61;17;PRN
PRN17Techno04;Techno0;25;50;61;17;PRN
ETE17Techno11;Techno1;25;50;62;17;ETE
AUT17Techno11;Techno1;25;50;62;17;AUT
AUT17Techno12;Techno1;25;50;62;17;AUT
PRN17Techno21;Techno2;25;50;63;17;PRN
ETE17Techno21;Techno2;25;50;63;17;ETE
AUT17Techno21;Techno2;25;50;64;17;AUT
PRN17Techno22;Techno2;25;50;64;17;PRN
AUT17Techno22;Techno2;25;50;64;17;AUT
PRN17Prog01;Prog0;25;50;65;17;PRN
ETE17Prog01;Prog0;25;50;65;17;ETE
AUT17Prog01;Prog0;25;50;66;17;AUT
PRN17Prog02;Prog0;25;50;66;17;PRN
PRN17Prog11;Prog1;25;50;67;17;PRN
AUT17Prog11;Prog1;25;50;67;17;AUT
ETE17Prog11;Prog1;25;50;67;17;ETE
PRN17Prog21;Prog2;25;50;68;17;PRN
ETE17Prog21;Prog2;25;50;68;17;ETE
AUT17Prog31;Prog3;25;50;69;17;AUT
AUT17Prog32;Prog3;25;50;69;17;AUT
PRN17Prog41;Prog4;25;50;70;17;PRN
AUT17Prog41;Prog4;25;50;70;17;AUT
PRN17Net01;Net0;25;50;76;17;PRN
ETE17Net01;Net0;25;50;76;17;ETE
PRN17Net11;Net1;25;50;75;17;PRN
PRN17Net12;Net1;25;50;75;17;PRN
ETE17DevWeb01;DevWeb0;25;50;78;17;ETE
AUT17DevWeb01;DevWeb0;25;50;78;17;AUT
PRN17DevWeb01;DevWeb0;25;50;78;17;PRN
AUT17DevWeb11;DevWeb1;25;50;77;17;AUT
PRN17DevWeb11;DevWeb1;25;50;77;17;PRN
ETE17Algo11;Algo1;25;50;79;17;ETE
AUT17Algo11;Algo1;25;50;79;17;AUT
PRN17Algo21;Algo2;25;50;80;17;PRN
PRN17Comp01;Comp0;25;50;81;17;PRN
PRN17Comp02;Comp0;25;50;81;17;PRN
ETE17Comp11;Comp1;25;50;82;17;ETE
AUT17Comp21;Comp2;25;50;83;17;AUT
AUT17Data01;Data0;25;50;87;17;AUT
PRN17Data01;Data0;25;50;87;17;PRN
ETE17Data01;Data0;25;50;88;17;ETE
AUT17Data02;Data0;25;50;88;17;AUT
PRN17Data11;Data1;25;50;89;17;PRN
AUT17Data11;Data1;25;50;89;17;AUT
PRN17Data21;Data2;25;50;90;17;PRN
ETE17Data31;Data3;25;50;86;17;ETE
ETE17EnA11;EnA1;15;50;92;17;ETE
PRN17EnA111;EnA11;15;50;93;17;PRN
AUT17EnA111;EnA11;15;50;94;17;AUT
PRN17EnA121;EnA12;15;50;93;17;PRN
AUT17EnA121;EnA12;15;50;94;17;AUT
ETE17EnA21;EnA2;15;50;92;17;ETE
PRN17EnA211;EnA21;15;50;95;17;PRN
AUT17EnA211;EnA21;15;50;96;17;AUT
PRN17EnA221;EnA22;15;50;95;17;PRN
AUT17EnA221;EnA22;15;50;96;17;AUT
ETE17EnB11;EnB1;15;50;97;17;ETE
PRN17EnB111;EnB11;15;50;98;17;PRN
AUT17EnB111;EnB11;15;50;99;17;AUT
PRN17EnB121;EnB12;15;50;98;17;PRN
AUT17EnB121;EnB12;15;50;98;17;AUT
ETE17EnB21;EnB2;15;50;97;17;ETE
PRN17EnB211;EnB21;15;50;100;17;PRN
AUT17EnB221;EnB22;15;50;100;17;AUT
ETE17EnC11;EnC1;15;50;101;17;ETE
ETE17EnC21;EnC2;15;50;101;17;ETE
ETE17EnA12;EnA1;15;50;102;17;ETE
PRN17EnA112;EnA11;15;50;103;17;PRN
AUT17EnA112;EnA11;15;50;104;17;AUT
PRN17EnA122;EnA12;15;50;103;17;PRN
AUT17EnA122;EnA12;15;50;104;17;AUT
ETE17EnA22;EnA2;15;50;105;17;ETE
PRN17EnA212;EnA21;15;50;106;17;PRN
AUT17EnA212;EnA21;15;50;107;17;AUT
PRN17EnA222;EnA22;15;50;106;17;PRN
AUT17EnA222;EnA22;15;50;107;17;AUT
ETE17EnB12;EnB1;15;50;108;17;ETE
PRN17EnB112;EnB11;15;50;109;17;PRN
AUT17EnB112;EnB11;15;50;109;17;AUT
PRN17EnB122;EnB12;15;50;110;17;PRN
AUT17EnB122;EnB12;15;50;111;17;AUT
ETE17EnB22;EnB2;15;50;112;17;ETE
PRN17EnB212;EnB21;15;50;113;17;PRN
AUT17EnB222;EnB22;15;50;113;17;AUT
ETE17EnC12;EnC1;15;50;114;17;ETE
ETE17EnC22;EnC2;15;50;114;17;ETE
PRN17Music01;Music0;25;50;118;17;PRN
ETE17Music01;Music0;25;50;118;17;ETE
AUT17Music01;Music0;25;50;117;17;AUT
PRN17Music11;Music1;25;50;116;17;PRN
AUT17Music21;Music2;25;50;115;17;AUT
PRN16LinAlg01;LinAlg0;25;100;2;16;PRN
PRN16LinAlg02;LinAlg0;25;100;2;16;PRN
ETE16LinAlg01;LinAlg0;25;100;2;16;ETE
AUT16LinAlg01;LinAlg0;25;100;2;16;AUT
AUT16LinAlg02;LinAlg0;25;100;2;16;AUT
PRN16LinAlg11;LinAlg1;25;50;1;16;PRN
ETE16LinAlg11;LinAlg1;25;50;1;16;ETE
AUT16LinAlg11;LinAlg1;25;50;1;16;AUT
PRN16LinAlg21;LinAlg2;25;50;1;16;PRN
AUT16LinAlg21;LinAlg2;25;50;1;16;AUT
PRN16Ana01;Ana0;25;100;6;16;PRN
ETE16Ana01;Ana0;25;100;6;16;ETE
AUT16Ana01;Ana0;25;100;6;16;AUT
PRN16Ana11;Ana1;25;50;5;16;PRN
PRN16Ana12;Ana1;25;50;5;16;PRN
AUT16Ana11;Ana1;25;50;4;16;AUT
ETE16Ana11;Ana1;25;50;4;16;ETE
PRN16Ana21;Ana2;25;50;6;16;PRN
ETE16Ana21;Ana2;25;50;5;16;ETE
AUT16Ana21;Ana2;25;50;4;16;AUT
AUT16Ana31;Ana3;25;50;4;16;AUT
PRN16Ana41;Ana4;25;50;4;16;PRN
AUT16Control11;Control1;25;50;8;16;AUT
PRN16Control11;Control1;25;50;8;16;PRN
ETE16Control21;Control2;25;50;7;16;ETE
PRN16Control31;Control3;25;50;7;16;PRN
PRN16Topo01;Topo0;25;50;10;16;PRN
ETE16Topo01;Topo0;25;50;10;16;ETE
AUT16Topo01;Topo0;25;50;10;16;AUT
PRN16Topo11;Topo1;25;50;9;16;PRN
AUT16Topo21;Topo2;25;50;9;16;AUT
PRN16Proba01;Proba0;25;100;12;16;PRN
ETE16Proba01;Proba0;25;100;12;16;ETE
AUT16Proba01;Proba0;25;50;12;16;AUT
PRN16Proba11;Proba1;25;50;12;16;PRN
AUT16Proba11;Proba1;25;50;12;16;AUT
PRN16Proba21;Proba2;25;50;12;16;PRN
PRN16Mesure01;Mesure0;25;50;14;16;PRN
ETE16Mesure01;Mesure0;25;50;14;16;ETE
AUT16Mesure01;Mesure0;25;50;14;16;AUT
AUT16Mesure11;Mesure1;25;50;13;16;AUT
PRN16Mesure11;Mesure1;25;50;13;16;PRN
ETE16Comb01;Comb0;25;100;18;16;ETE
AUT16Comb01;Comb0;25;100;18;16;AUT
PRN16Comb01;Comb0;25;100;17;16;PRN
AUT16Comb02;Comb0;25;100;17;16;AUT
PRN16Comb11;Comb1;25;50;16;16;PRN
ETE16Comb11;Comb1;25;50;16;16;ETE
AUT16Comb21;Comb2;25;50;15;16;AUT
PRN16Logic01;Logic0;25;50;19;16;PRN
PRN16Logic02;Logic0;25;50;19;16;PRN
AUT16Logic01;Logic0;25;50;19;16;AUT
ETE16Logic01;Logic0;25;50;19;16;ETE
PRN16Logic03;Logic0;25;50;22;16;PRN
ETE16Logic02;Logic0;25;50;22;16;ETE
AUT16Logic02;Logic0;25;50;22;16;AUT
AUT16Logic11;Logic1;25;50;20;16;AUT
PRN16Logic21;Logic2;25;50;21;16;PRN
AUT16Logic31;Logic3;25;50;21;16;AUT
PRN16Fourier11;Fourier1;25;50;26;16;PRN
ETE16Fourier11;Fourier1;25;50;26;16;ETE
PRN16Fourier12;Fourier1;25;50;25;16;PRN
PRN16Fourier13;Fourier1;25;50;25;16;PRN
ETE16Fourier21;Fourier2;25;50;24;16;ETE
AUT16Fourier21;Fourier2;25;50;24;16;AUT
PRN16Complex01;Complex0;25;100;26;16;PRN
AUT16Complex01;Complex0;25;100;26;16;AUT
PRN16Complex02;Complex0;25;100;25;16;PRN
ETE16Complex01;Complex0;25;100;25;16;ETE
AUT16Complex11;Complex1;25;50;24;16;AUT
PRN16Complex11;Complex1;25;50;24;16;PRN
PRN16Complex21;Complex2;25;50;23;16;PRN
PRN16Signal11;Signal1;25;50;24;16;PRN
ETE16Signal11;Signal1;25;50;24;16;ETE
AUT16Signal11;Signal1;25;50;24;16;AUT
AUT16Signal21;Signal2;25;50;25;16;AUT
PRN16Signal31;Signal3;25;50;27;16;PRN
ETE16Signal41;Signal4;25;50;26;16;ETE
AUT16Stats11;Stats1;25;50;11;16;AUT
PRN16Stats11;Stats1;25;50;11;16;PRN
AUT16Stats21;Stats2;25;50;11;16;AUT
PRN16Stats21;Stats2;25;50;11;16;PRN
ETE16Stats31;Stats3;25;50;11;16;ETE
AUT16Num01;Num0;25;50;30;16;AUT
PRN16Num01;Num0;25;50;30;16;PRN
PRN16Num11;Num1;25;50;31;16;PRN
AUT16Num11;Num1;25;50;31;16;AUT
ETE16Num11;Num1;25;50;31;16;ETE
PRN16Num21;Num2;25;50;32;16;PRN
ETE16Num31;Num3;25;50;32;16;ETE
AUT16Num41;Num4;25;50;33;16;AUT
AUT16Num51;Num5;25;50;33;16;AUT
PRN16Num61;Num6;25;50;34;16;PRN
AUT16Num71;Num7;25;50;35;16;AUT
PRN16ProgLin1;ProgLin;25;50;36;16;PRN
ETE16ProgLin1;ProgLin;25;50;36;16;ETE
PRN16Model01;Model0;25;50;37;16;PRN
PRN16Model02;Model0;25;50;37;16;PRN
ETE16Model11;Model1;25;50;38;16;ETE
AUT16Meca01;Meca0;25;50;40;16;AUT
PRN16Meca01;Meca0;25;50;40;16;PRN
AUT16Meca02;Meca0;25;50;40;16;AUT
PRN16Meca02;Meca0;25;50;40;16;PRN
PRN16Meca11;Meca1;25;50;41;16;PRN
PRN16Meca12;Meca1;25;50;41;16;PRN
ETE16Meca11;Meca1;25;50;41;16;ETE
AUT16Elec01;Elec0;25;50;42;16;AUT
AUT16Elec02;Elec0;25;50;42;16;AUT
PRN16Elec01;Elec0;25;50;42;16;PRN
ETE16Elec11;Elec1;25;50;43;16;ETE
AUT16Elec21;Elec2;25;50;44;16;AUT
PRN16Elec31;Elec3;25;50;45;16;PRN
AUT16Thermo01;Thermo0;25;50;49;16;AUT
PRN16Thermo01;Thermo0;25;50;48;16;PRN
ETE16Thermo01;Thermo0;25;50;48;16;ETE
AUT16Thermo11;Thermo1;25;50;47;16;AUT
PRN16Thermo11;Thermo1;25;50;47;16;PRN
PRN16Thermo21;Thermo2;25;50;46;16;PRN
AUT16Thermo21;Thermo2;25;50;45;16;AUT
ETE16Thermo31;Thermo3;25;50;44;16;ETE
PRN16Fluid01;Fluid0;25;50;50;16;PRN
ETE16Fluid01;Fluid0;25;50;50;16;ETE
AUT16Fluid01;Fluid0;25;50;50;16;AUT
AUT16Fluid11;Fluid1;25;50;51;16;AUT
PRN16Fluid11;Fluid1;25;50;52;16;PRN
AUT16Fluid21;Fluid2;25;50;53;16;AUT
PRN16Fluid31;Fluid3;25;50;54;16;PRN
ETE16Optique01;Optique0;25;50;56;16;ETE
PRN16Optique01;Optique0;25;50;56;16;PRN
PRN16Optique11;Optique1;25;50;55;16;PRN
ETE16Mat11;Mat1;25;50;58;16;ETE
AUT16Mat11;Mat1;25;50;58;16;AUT
PRN16Mat21;Mat2;25;50;57;16;PRN
AUT16Mat21;Mat2;25;50;57;16;AUT
PRN16Techno01;Techno0;25;50;59;16;PRN
ETE16Techno01;Techno0;25;50;59;16;ETE
AUT16Techno01;Techno0;25;50;60;16;AUT
PRN16Techno02;Techno0;25;50;60;16;PRN
PRN16Techno03;Techno0;25;50;61;16;PRN
PRN16Techno04;Techno0;25;50;61;16;PRN
ETE16Techno11;Techno1;25;50;62;16;ETE
AUT16Techno11;Techno1;25;50;62;16;AUT
AUT16Techno12;Techno1;25;50;62;16;AUT
PRN16Techno21;Techno2;25;50;63;16;PRN
ETE16Techno21;Techno2;25;50;63;16;ETE
AUT16Techno21;Techno2;25;50;64;16;AUT
PRN16Techno22;Techno2;25;50;64;16;PRN
AUT16Techno22;Techno2;25;50;64;16;AUT
PRN16Prog01;Prog0;25;50;65;16;PRN
ETE16Prog01;Prog0;25;50;65;16;ETE
AUT16Prog01;Prog0;25;50;66;16;AUT
PRN16Prog02;Prog0;25;50;66;16;PRN
PRN16Prog11;Prog1;25;50;67;16;PRN
AUT16Prog11;Prog1;25;50;67;16;AUT
ETE16Prog11;Prog1;25;50;67;16;ETE
PRN16Prog21;Prog2;25;50;68;16;PRN
ETE16Prog21;Prog2;25;50;68;16;ETE
AUT16Prog31;Prog3;25;50;69;16;AUT
AUT16Prog32;Prog3;25;50;69;16;AUT
PRN16Prog41;Prog4;25;50;70;16;PRN
AUT16Prog41;Prog4;25;50;70;16;AUT
PRN16Net01;Net0;25;50;76;16;PRN
ETE16Net01;Net0;25;50;76;16;ETE
PRN16Net11;Net1;25;50;75;16;PRN
PRN16Net12;Net1;25;50;75;16;PRN
ETE16DevWeb01;DevWeb0;25;50;78;16;ETE
AUT16DevWeb01;DevWeb0;25;50;78;16;AUT
PRN16DevWeb01;DevWeb0;25;50;78;16;PRN
AUT16DevWeb11;DevWeb1;25;50;77;16;AUT
PRN16DevWeb11;DevWeb1;25;50;77;16;PRN
ETE16Algo11;Algo1;25;50;79;16;ETE
AUT16Algo11;Algo1;25;50;79;16;AUT
PRN16Algo21;Algo2;25;50;80;16;PRN
PRN16Comp01;Comp0;25;50;81;16;PRN
PRN16Comp02;Comp0;25;50;81;16;PRN
ETE16Comp11;Comp1;25;50;82;16;ETE
AUT16Comp21;Comp2;25;50;83;16;AUT
AUT16Data01;Data0;25;50;87;16;AUT
PRN16Data01;Data0;25;50;87;16;PRN
ETE16Data01;Data0;25;50;88;16;ETE
AUT16Data02;Data0;25;50;88;16;AUT
PRN16Data11;Data1;25;50;89;16;PRN
AUT16Data11;Data1;25;50;89;16;AUT
PRN16Data21;Data2;25;50;90;16;PRN
ETE16Data31;Data3;25;50;86;16;ETE
ETE16EnA11;EnA1;15;50;92;16;ETE
PRN16EnA111;EnA11;15;50;93;16;PRN
AUT16EnA111;EnA11;15;50;94;16;AUT
PRN16EnA121;EnA12;15;50;93;16;PRN
AUT16EnA121;EnA12;15;50;94;16;AUT
ETE16EnA21;EnA2;15;50;92;16;ETE
PRN16EnA211;EnA21;15;50;95;16;PRN
AUT16EnA211;EnA21;15;50;96;16;AUT
PRN16EnA221;EnA22;15;50;95;16;PRN
AUT16EnA221;EnA22;15;50;96;16;AUT
ETE16EnB11;EnB1;15;50;97;16;ETE
PRN16EnB111;EnB11;15;50;98;16;PRN
AUT16EnB111;EnB11;15;50;99;16;AUT
PRN16EnB121;EnB12;15;50;98;16;PRN
AUT16EnB121;EnB12;15;50;98;16;AUT
ETE16EnB21;EnB2;15;50;97;16;ETE
PRN16EnB211;EnB21;15;50;100;16;PRN
AUT16EnB221;EnB22;15;50;100;16;AUT
ETE16EnC11;EnC1;15;50;101;16;ETE
ETE16EnC21;EnC2;15;50;101;16;ETE
ETE16EnA12;EnA1;15;50;102;16;ETE
PRN16EnA112;EnA11;15;50;103;16;PRN
AUT16EnA112;EnA11;15;50;104;16;AUT
PRN16EnA122;EnA12;15;50;103;16;PRN
AUT16EnA122;EnA12;15;50;104;16;AUT
ETE16EnA22;EnA2;15;50;105;16;ETE
PRN16EnA212;EnA21;15;50;106;16;PRN
AUT16EnA212;EnA21;15;50;107;16;AUT
PRN16EnA222;EnA22;15;50;106;16;PRN
AUT16EnA222;EnA22;15;50;107;16;AUT
ETE16EnB12;EnB1;15;50;108;16;ETE
PRN16EnB112;EnB11;15;50;109;16;PRN
AUT16EnB112;EnB11;15;50;109;16;AUT
PRN16EnB122;EnB12;15;50;110;16;PRN
AUT16EnB122;EnB12;15;50;111;16;AUT
ETE16EnB22;EnB2;15;50;112;16;ETE
PRN16EnB212;EnB21;15;50;113;16;PRN
AUT16EnB222;EnB22;15;50;113;16;AUT
ETE16EnC12;EnC1;15;50;114;16;ETE
ETE16EnC22;EnC2;15;50;114;16;ETE
PRN16Music01;Music0;25;50;118;16;PRN
ETE16Music01;Music0;25;50;118;16;ETE
AUT16Music01;Music0;25;50;117;16;AUT
PRN16Music11;Music1;25;50;116;16;PRN
AUT16Music21;Music2;25;50;115;16;AUT
PRN15LinAlg01;LinAlg0;25;100;2;15;PRN
PRN15LinAlg02;LinAlg0;25;100;2;15;PRN
ETE15LinAlg01;LinAlg0;25;100;2;15;ETE
AUT15LinAlg01;LinAlg0;25;100;2;15;AUT
AUT15LinAlg02;LinAlg0;25;100;2;15;AUT
PRN15LinAlg11;LinAlg1;25;50;1;15;PRN
ETE15LinAlg11;LinAlg1;25;50;1;15;ETE
AUT15LinAlg11;LinAlg1;25;50;1;15;AUT
PRN15LinAlg21;LinAlg2;25;50;1;15;PRN
AUT15LinAlg21;LinAlg2;25;50;1;15;AUT
PRN15Ana01;Ana0;25;100;6;15;PRN
ETE15Ana01;Ana0;25;100;6;15;ETE
AUT15Ana01;Ana0;25;100;6;15;AUT
PRN15Ana11;Ana1;25;50;5;15;PRN
PRN15Ana12;Ana1;25;50;5;15;PRN
AUT15Ana11;Ana1;25;50;4;15;AUT
ETE15Ana11;Ana1;25;50;4;15;ETE
PRN15Ana21;Ana2;25;50;6;15;PRN
ETE15Ana21;Ana2;25;50;5;15;ETE
AUT15Ana21;Ana2;25;50;4;15;AUT
AUT15Ana31;Ana3;25;50;4;15;AUT
PRN15Ana41;Ana4;25;50;4;15;PRN
AUT15Control11;Control1;25;50;8;15;AUT
PRN15Control11;Control1;25;50;8;15;PRN
ETE15Control21;Control2;25;50;7;15;ETE
PRN15Control31;Control3;25;50;7;15;PRN
PRN15Topo01;Topo0;25;50;10;15;PRN
ETE15Topo01;Topo0;25;50;10;15;ETE
AUT15Topo01;Topo0;25;50;10;15;AUT
PRN15Topo11;Topo1;25;50;9;15;PRN
AUT15Topo21;Topo2;25;50;9;15;AUT
PRN15Proba01;Proba0;25;100;12;15;PRN
ETE15Proba01;Proba0;25;100;12;15;ETE
AUT15Proba01;Proba0;25;50;12;15;AUT
PRN15Proba11;Proba1;25;50;12;15;PRN
AUT15Proba11;Proba1;25;50;12;15;AUT
PRN15Proba21;Proba2;25;50;12;15;PRN
PRN15Mesure01;Mesure0;25;50;14;15;PRN
ETE15Mesure01;Mesure0;25;50;14;15;ETE
AUT15Mesure01;Mesure0;25;50;14;15;AUT
AUT15Mesure11;Mesure1;25;50;13;15;AUT
PRN15Mesure11;Mesure1;25;50;13;15;PRN
ETE15Comb01;Comb0;25;100;18;15;ETE
AUT15Comb01;Comb0;25;100;18;15;AUT
PRN15Comb01;Comb0;25;100;17;15;PRN
AUT15Comb02;Comb0;25;100;17;15;AUT
PRN15Comb11;Comb1;25;50;16;15;PRN
ETE15Comb11;Comb1;25;50;16;15;ETE
AUT15Comb21;Comb2;25;50;15;15;AUT
PRN15Logic01;Logic0;25;50;19;15;PRN
PRN15Logic02;Logic0;25;50;19;15;PRN
AUT15Logic01;Logic0;25;50;19;15;AUT
ETE15Logic01;Logic0;25;50;19;15;ETE
PRN15Logic03;Logic0;25;50;22;15;PRN
ETE15Logic02;Logic0;25;50;22;15;ETE
AUT15Logic02;Logic0;25;50;22;15;AUT
AUT15Logic11;Logic1;25;50;20;15;AUT
PRN15Logic21;Logic2;25;50;21;15;PRN
AUT15Logic31;Logic3;25;50;21;15;AUT
PRN15Fourier11;Fourier1;25;50;26;15;PRN
ETE15Fourier11;Fourier1;25;50;26;15;ETE
PRN15Fourier12;Fourier1;25;50;25;15;PRN
PRN15Fourier13;Fourier1;25;50;25;15;PRN
ETE15Fourier21;Fourier2;25;50;24;15;ETE
AUT15Fourier21;Fourier2;25;50;24;15;AUT
PRN15Complex01;Complex0;25;100;26;15;PRN
AUT15Complex01;Complex0;25;100;26;15;AUT
PRN15Complex02;Complex0;25;100;25;15;PRN
ETE15Complex01;Complex0;25;100;25;15;ETE
AUT15Complex11;Complex1;25;50;24;15;AUT
PRN15Complex11;Complex1;25;50;24;15;PRN
PRN15Complex21;Complex2;25;50;23;15;PRN
PRN15Signal11;Signal1;25;50;24;15;PRN
ETE15Signal11;Signal1;25;50;24;15;ETE
AUT15Signal11;Signal1;25;50;24;15;AUT
AUT15Signal21;Signal2;25;50;25;15;AUT
PRN15Signal31;Signal3;25;50;27;15;PRN
ETE15Signal41;Signal4;25;50;26;15;ETE
AUT15Stats11;Stats1;25;50;11;15;AUT
PRN15Stats11;Stats1;25;50;11;15;PRN
AUT15Stats21;Stats2;25;50;11;15;AUT
PRN15Stats21;Stats2;25;50;11;15;PRN
ETE15Stats31;Stats3;25;50;11;15;ETE
AUT15Num01;Num0;25;50;30;15;AUT
PRN15Num01;Num0;25;50;30;15;PRN
PRN15Num11;Num1;25;50;31;15;PRN
AUT15Num11;Num1;25;50;31;15;AUT
ETE15Num11;Num1;25;50;31;15;ETE
PRN15Num21;Num2;25;50;32;15;PRN
ETE15Num31;Num3;25;50;32;15;ETE
AUT15Num41;Num4;25;50;33;15;AUT
AUT15Num51;Num5;25;50;33;15;AUT
PRN15Num61;Num6;25;50;34;15;PRN
AUT15Num71;Num7;25;50;35;15;AUT
PRN15ProgLin1;ProgLin;25;50;36;15;PRN
ETE15ProgLin1;ProgLin;25;50;36;15;ETE
PRN15Model01;Model0;25;50;37;15;PRN
PRN15Model02;Model0;25;50;37;15;PRN
ETE15Model11;Model1;25;50;38;15;ETE
AUT15Meca01;Meca0;25;50;40;15;AUT
PRN15Meca01;Meca0;25;50;40;15;PRN
AUT15Meca02;Meca0;25;50;40;15;AUT
PRN15Meca02;Meca0;25;50;40;15;PRN
PRN15Meca11;Meca1;25;50;41;15;PRN
PRN15Meca12;Meca1;25;50;41;15;PRN
ETE15Meca11;Meca1;25;50;41;15;ETE
AUT15Elec01;Elec0;25;50;42;15;AUT
AUT15Elec02;Elec0;25;50;42;15;AUT
PRN15Elec01;Elec0;25;50;42;15;PRN
ETE15Elec11;Elec1;25;50;43;15;ETE
AUT15Elec21;Elec2;25;50;44;15;AUT
PRN15Elec31;Elec3;25;50;45;15;PRN
AUT15Thermo01;Thermo0;25;50;49;15;AUT
PRN15Thermo01;Thermo0;25;50;48;15;PRN
ETE15Thermo01;Thermo0;25;50;48;15;ETE
AUT15Thermo11;Thermo1;25;50;47;15;AUT
PRN15Thermo11;Thermo1;25;50;47;15;PRN
PRN15Thermo21;Thermo2;25;50;46;15;PRN
AUT15Thermo21;Thermo2;25;50;45;15;AUT
ETE15Thermo31;Thermo3;25;50;44;15;ETE
PRN15Fluid01;Fluid0;25;50;50;15;PRN
ETE15Fluid01;Fluid0;25;50;50;15;ETE
AUT15Fluid01;Fluid0;25;50;50;15;AUT
AUT15Fluid11;Fluid1;25;50;51;15;AUT
PRN15Fluid11;Fluid1;25;50;52;15;PRN
AUT15Fluid21;Fluid2;25;50;53;15;AUT
PRN15Fluid31;Fluid3;25;50;54;15;PRN
ETE15Optique01;Optique0;25;50;56;15;ETE
PRN15Optique01;Optique0;25;50;56;15;PRN
PRN15Optique11;Optique1;25;50;55;15;PRN
ETE15Mat11;Mat1;25;50;58;15;ETE
AUT15Mat11;Mat1;25;50;58;15;AUT
PRN15Mat21;Mat2;25;50;57;15;PRN
AUT15Mat21;Mat2;25;50;57;15;AUT
PRN15Techno01;Techno0;25;50;59;15;PRN
ETE15Techno01;Techno0;25;50;59;15;ETE
AUT15Techno01;Techno0;25;50;60;15;AUT
PRN15Techno02;Techno0;25;50;60;15;PRN
PRN15Techno03;Techno0;25;50;61;15;PRN
PRN15Techno04;Techno0;25;50;61;15;PRN
ETE15Techno11;Techno1;25;50;62;15;ETE
AUT15Techno11;Techno1;25;50;62;15;AUT
AUT15Techno12;Techno1;25;50;62;15;AUT
PRN15Techno21;Techno2;25;50;63;15;PRN
ETE15Techno21;Techno2;25;50;63;15;ETE
AUT15Techno21;Techno2;25;50;64;15;AUT
PRN15Techno22;Techno2;25;50;64;15;PRN
AUT15Techno22;Techno2;25;50;64;15;AUT
PRN15Prog01;Prog0;25;50;65;15;PRN
ETE15Prog01;Prog0;25;50;65;15;ETE
AUT15Prog01;Prog0;25;50;66;15;AUT
PRN15Prog02;Prog0;25;50;66;15;PRN
PRN15Prog11;Prog1;25;50;67;15;PRN
AUT15Prog11;Prog1;25;50;67;15;AUT
ETE15Prog11;Prog1;25;50;67;15;ETE
PRN15Prog21;Prog2;25;50;68;15;PRN
ETE15Prog21;Prog2;25;50;68;15;ETE
AUT15Prog31;Prog3;25;50;69;15;AUT
AUT15Prog32;Prog3;25;50;69;15;AUT
PRN15Prog41;Prog4;25;50;70;15;PRN
AUT15Prog41;Prog4;25;50;70;15;AUT
PRN15Net01;Net0;25;50;76;15;PRN
ETE15Net01;Net0;25;50;76;15;ETE
PRN15Net11;Net1;25;50;75;15;PRN
PRN15Net12;Net1;25;50;75;15;PRN
ETE15DevWeb01;DevWeb0;25;50;78;15;ETE
AUT15DevWeb01;DevWeb0;25;50;78;15;AUT
PRN15DevWeb01;DevWeb0;25;50;78;15;PRN
AUT15DevWeb11;DevWeb1;25;50;77;15;AUT
PRN15DevWeb11;DevWeb1;25;50;77;15;PRN
ETE15Algo11;Algo1;25;50;79;15;ETE
AUT15Algo11;Algo1;25;50;79;15;AUT
PRN15Algo21;Algo2;25;50;80;15;PRN
PRN15Comp01;Comp0;25;50;81;15;PRN
PRN15Comp02;Comp0;25;50;81;15;PRN
ETE15Comp11;Comp1;25;50;82;15;ETE
AUT15Comp21;Comp2;25;50;83;15;AUT
AUT15Data01;Data0;25;50;87;15;AUT
PRN15Data01;Data0;25;50;87;15;PRN
ETE15Data01;Data0;25;50;88;15;ETE
AUT15Data02;Data0;25;50;88;15;AUT
PRN15Data11;Data1;25;50;89;15;PRN
AUT15Data11;Data1;25;50;89;15;AUT
PRN15Data21;Data2;25;50;90;15;PRN
ETE15Data31;Data3;25;50;86;15;ETE
ETE15EnA11;EnA1;15;50;92;15;ETE
PRN15EnA111;EnA11;15;50;93;15;PRN
AUT15EnA111;EnA11;15;50;94;15;AUT
PRN15EnA121;EnA12;15;50;93;15;PRN
AUT15EnA121;EnA12;15;50;94;15;AUT
ETE15EnA21;EnA2;15;50;92;15;ETE
PRN15EnA211;EnA21;15;50;95;15;PRN
AUT15EnA211;EnA21;15;50;96;15;AUT
PRN15EnA221;EnA22;15;50;95;15;PRN
AUT15EnA221;EnA22;15;50;96;15;AUT
ETE15EnB11;EnB1;15;50;97;15;ETE
PRN15EnB111;EnB11;15;50;98;15;PRN
AUT15EnB111;EnB11;15;50;99;15;AUT
PRN15EnB121;EnB12;15;50;98;15;PRN
AUT15EnB121;EnB12;15;50;98;15;AUT
ETE15EnB21;EnB2;15;50;97;15;ETE
PRN15EnB211;EnB21;15;50;100;15;PRN
AUT15EnB221;EnB22;15;50;100;15;AUT
ETE15EnC11;EnC1;15;50;101;15;ETE
ETE15EnC21;EnC2;15;50;101;15;ETE
ETE15EnA12;EnA1;15;50;102;15;ETE
PRN15EnA112;EnA11;15;50;103;15;PRN
AUT15EnA112;EnA11;15;50;104;15;AUT
PRN15EnA122;EnA12;15;50;103;15;PRN
AUT15EnA122;EnA12;15;50;104;15;AUT
ETE15EnA22;EnA2;15;50;105;15;ETE
PRN15EnA212;EnA21;15;50;106;15;PRN
AUT15EnA212;EnA21;15;50;107;15;AUT
PRN15EnA222;EnA22;15;50;106;15;PRN
AUT15EnA222;EnA22;15;50;107;15;AUT
ETE15EnB12;EnB1;15;50;108;15;ETE
PRN15EnB112;EnB11;15;50;109;15;PRN
AUT15EnB112;EnB11;15;50;109;15;AUT
PRN15EnB122;EnB12;15;50;110;15;PRN
AUT15EnB122;EnB12;15;50;111;15;AUT
ETE15EnB22;EnB2;15;50;112;15;ETE
PRN15EnB212;EnB21;15;50;113;15;PRN
AUT15EnB222;EnB22;15;50;113;15;AUT
ETE15EnC12;EnC1;15;50;114;15;ETE
ETE15EnC22;EnC2;15;50;114;15;ETE
PRN15Music01;Music0;25;50;118;15;PRN
ETE15Music01;Music0;25;50;118;15;ETE
AUT15Music01;Music0;25;50;117;15;AUT
PRN15Music11;Music1;25;50;116;15;PRN
AUT15Music21;Music2;25;50;115;15;AUT
